"","APR_75","APR_90","APR_100","APR_110","APR_130","APR_160","JUN_75","JUN_90","JUN_100","JUN_110","JUN_130","JUN_160","AUG_75","AUG_90","AUG_100","AUG_110","AUG_130","AUG_160","OCT_75","OCT_90","OCT_100","OCT_110","OCT_130","OCT_160"
"BACT1445",1,1,38,113,102,51,4,7,5,6,122,71,2,2,8,22,128,11,5,53,49,15,4,98
"BACT188",42,41,58,10,2,0,10,26,9,19,6,0,18,8,14,17,7,0,15,2,10,6,5,1
"BACT62",26,16,56,12,0,0,19,22,31,49,12,3,11,8,7,6,7,0,33,10,45,46,54,9
"BACT2",3471,3049,2175,437,12,14,2255,1996,3770,1697,2416,155,1663,1195,1649,952,677,15,1386,1302,2573,2187,1703,124
"BACT4",1355,1269,2133,716,22,15,1589,1117,1694,1037,1438,65,1129,762,1067,668,392,6,2075,1274,2955,2427,1518,127
"BACT9",85,98,649,1545,873,340,291,248,223,364,875,153,131,88,123,235,508,40,222,424,772,321,117,211
"BACT7",12,13,396,2102,1445,638,76,63,94,188,1304,2217,10,12,42,343,1780,132,37,638,550,98,19,2397
"BACT13",108,84,470,62,8,14,198,222,282,329,98,0,302,225,253,169,58,0,719,170,455,407,216,14
"BACT154",5,2,29,42,5,5,26,7,14,9,19,0,2,5,8,15,9,0,32,12,59,35,14,2
"BACT143",55,35,20,0,0,0,10,5,19,5,8,1,7,4,15,5,2,0,14,17,21,34,28,0
"BACT5",2993,2599,500,54,0,4,219,445,444,486,354,28,377,289,420,306,222,2,513,250,877,515,558,31
"BACT1",47,64,2017,6921,7295,3986,527,480,797,1147,9626,7438,118,197,454,2161,8919,523,224,3618,2857,693,150,6575
"BACT644",22,18,3,0,0,0,1,4,6,11,7,0,3,5,2,3,0,0,9,7,12,9,15,1
"BACT71",45,40,5,1,0,0,17,50,42,40,19,2,11,6,7,3,6,0,6,13,16,14,22,6
"BACT3",0,2,49,168,218,132,13,33,40,44,427,389,6,12,13,49,336,11,5,116,95,23,4,280
"BACT98",3,6,28,62,20,6,23,10,6,14,15,2,9,8,6,18,20,2,45,14,39,15,6,1
"BACT31",224,238,32,3,2,0,46,47,48,48,48,0,45,27,42,34,26,1,40,33,120,60,77,6
"BACT15",502,436,186,44,4,1,207,141,215,130,164,7,147,114,124,83,55,0,201,247,524,359,390,14
"BACT192",0,0,16,115,3,0,0,0,0,0,4,0,0,0,1,7,11,0,0,14,2,1,0,2
"BACT47",12,12,55,86,3,2,69,41,33,61,24,1,21,17,24,21,17,1,62,23,70,60,21,2
"BACT6",2,2,16,79,280,92,16,45,52,114,979,4846,0,3,6,74,1447,4177,0,88,50,14,2,1393
"BACT243",7,0,1,0,0,0,12,23,23,29,9,0,6,5,6,3,3,0,0,0,3,2,1,0
"BACT90",18,13,18,70,17,5,15,10,11,15,12,1,14,4,19,29,26,2,18,25,53,21,15,2
"BACT176",70,68,44,14,2,1,8,7,10,7,1,0,8,10,7,7,1,0,4,7,5,13,18,1
"BACT93",3,5,12,1,11,5,27,17,21,35,43,3,5,11,9,4,7,4,37,27,77,48,22,6
"BACT74",30,27,73,32,0,2,24,63,59,75,43,3,20,16,25,15,6,0,74,18,45,50,16,4
"BACT8",791,748,806,197,9,0,1500,1074,1074,1176,819,28,536,398,473,345,225,5,962,311,1377,968,669,41
"BACT58",0,5,42,145,17,8,30,20,7,25,27,5,3,4,11,41,42,1,21,13,31,17,9,7
"BACT82",57,49,57,7,0,0,33,29,38,16,28,2,25,17,32,19,8,0,22,21,51,45,34,0
"BACT94",26,25,24,1,0,0,26,19,20,26,17,1,8,5,17,7,6,0,13,10,51,29,20,0
"BACT65",17,8,2,2,3,5,1,0,1,2,0,0,1,0,2,3,1,0,72,36,63,111,100,12
"BACT17",134,92,74,84,8,6,322,255,194,236,101,11,93,49,71,66,25,3,131,87,283,246,194,16
"BACT10",392,346,121,7,0,0,321,379,507,546,174,5,424,351,399,247,106,1,818,198,495,446,324,8
"BACT59",70,60,19,1,0,0,16,24,35,37,13,0,48,27,41,24,18,0,12,6,8,5,6,0
"BACT43",95,100,9,1,0,2,60,32,16,29,31,2,8,9,18,13,14,1,14,16,63,33,56,1
"BACT114",2,2,13,20,12,7,21,14,12,13,17,1,3,6,6,9,5,2,23,12,56,26,6,3
"BACT18",14,13,80,233,307,193,66,91,111,168,106,51,28,21,17,108,229,63,82,98,148,107,77,101
"BACT247",10,3,19,5,2,0,11,1,5,7,19,0,3,0,4,4,4,0,0,3,35,4,6,0
"BACT103",26,22,25,26,0,1,60,18,20,20,19,0,8,11,14,10,5,0,26,16,60,38,42,5
"BACT22",74,68,117,35,20,12,79,159,115,182,97,7,64,64,48,46,25,2,139,49,102,75,62,13
"BACT213",38,37,1,0,0,0,5,6,4,15,5,0,1,0,0,2,6,0,5,6,11,7,12,0
"BACT11",81,64,191,407,31,2,340,422,314,418,371,87,189,148,203,355,753,4,125,215,607,422,138,52
"BACT36",5,7,81,141,26,5,63,34,31,89,94,16,11,16,18,34,48,2,30,32,97,54,19,14
"BACT51",49,29,104,77,3,0,126,78,35,60,24,1,33,30,31,37,17,0,66,14,53,67,48,1
"BACT1504",0,0,13,30,18,4,0,0,1,2,30,8,0,0,1,5,17,0,0,16,11,1,0,14
"BACT1952",1,1,28,10,1,0,13,12,23,22,73,4,0,0,10,12,23,0,5,29,42,12,2,6
"BACT149",60,66,14,4,0,1,21,10,15,8,10,1,12,15,13,12,9,1,14,17,10,16,30,1
"BACT33",31,35,35,7,0,0,26,12,13,9,10,2,17,11,14,5,6,2,11,11,25,15,20,0
"BACT211",0,0,14,47,14,5,10,3,1,7,13,2,2,0,3,4,15,0,6,5,19,3,3,3
"BACT88",22,31,6,1,1,0,23,40,38,41,32,4,5,7,15,7,7,0,5,10,27,19,16,1
"BACT63",54,35,47,19,0,0,75,37,18,25,9,1,24,15,30,15,6,0,54,6,21,53,29,3
"BACT270",31,11,7,0,0,0,21,11,8,10,5,0,12,2,10,7,0,0,9,4,27,7,9,0
"BACT20",3,3,12,6,2,0,15,13,14,16,11,0,3,4,7,4,6,0,9,8,18,15,8,2
"BACT1564",0,0,5,52,32,9,0,0,2,2,34,88,0,0,2,8,58,1,0,24,14,1,1,89
"BACT67",112,113,31,8,2,1,21,40,32,56,38,4,34,31,41,20,25,0,27,20,72,30,36,2
"BACT12",543,514,71,18,4,1,155,301,419,324,172,28,223,193,316,241,149,3,124,97,217,173,190,9
"BACT1765",0,0,13,33,31,9,0,1,0,1,32,8,0,0,2,5,23,0,1,20,10,2,0,7
"BACT26",46,32,211,101,1,0,149,101,74,98,23,0,44,27,31,24,11,0,66,12,79,154,70,2
"BACT286",2,0,6,18,0,0,0,4,5,4,22,0,0,1,0,10,5,0,1,10,12,3,0,0
"BACT2723",0,6,8,2,0,0,13,12,16,8,12,0,6,1,5,4,1,0,5,5,9,10,2,0
"BACT24",197,139,49,6,3,0,128,135,104,122,36,2,53,39,51,40,27,0,49,54,93,68,117,6
"BACT430",18,17,12,0,0,0,1,3,3,2,3,2,5,1,1,1,7,0,1,2,6,1,0,0
"BACT416",13,15,14,2,1,0,2,2,4,2,3,0,4,7,1,2,0,0,3,4,7,2,2,0
"BACT34",401,316,51,13,2,6,1,2,2,5,1,1,20,22,22,25,11,5,2,3,6,6,17,0
"BACT25",23,17,175,107,2,1,89,73,74,62,66,4,75,61,75,49,24,0,151,56,158,132,52,7
"BACT287",14,10,12,7,0,0,4,9,4,7,4,0,7,3,3,4,1,0,10,0,8,12,7,1
"BACT661",0,0,17,92,58,23,0,0,2,2,90,147,0,0,1,5,87,1,0,23,11,0,0,169
"BACT111",5,3,22,23,24,7,16,6,9,24,44,1,8,5,8,11,7,3,8,14,48,26,6,6
"BACT109",3,0,21,13,3,0,39,15,12,24,16,0,9,4,11,10,9,0,38,15,73,45,17,2
"BACT134",1,1,11,2,0,0,15,18,11,54,3,2,5,5,6,2,2,0,25,6,36,29,16,2
"BACT139",0,4,22,23,4,3,17,13,10,10,3,0,2,5,3,17,7,0,29,4,15,35,12,5
"BACT53",39,22,53,34,0,0,64,54,42,100,47,0,25,34,39,31,18,1,61,34,70,63,37,4
"BACT112",7,12,18,1,0,0,21,23,23,20,22,1,13,14,13,3,11,0,32,16,60,34,23,2
"BACT52",63,45,17,3,0,0,40,33,29,41,47,1,26,12,22,15,8,2,39,14,65,32,26,1
"BACT1253",0,0,4,37,31,11,0,0,1,1,37,52,0,0,0,5,26,1,0,9,3,0,0,58
"BACT60",3,2,28,67,4,3,23,28,20,28,64,11,3,4,5,23,28,2,18,56,65,33,14,27
"BACT44",34,34,24,9,3,0,90,70,71,88,19,6,34,25,29,17,7,0,48,8,33,51,33,7
"BACT2047",0,0,10,70,40,9,2,1,1,2,46,77,0,0,0,2,36,1,0,10,11,1,0,85
"BACT40",12,10,53,134,84,52,30,27,14,45,43,12,9,12,17,22,33,15,41,44,112,48,12,8
"BACT3229",0,0,5,13,3,0,0,0,2,2,15,3,0,0,0,4,17,0,0,10,3,1,0,3
"BACT189",1,3,14,27,7,6,11,8,2,12,6,1,3,7,0,8,1,0,10,10,30,19,9,0
"BACT397",12,21,11,3,0,0,9,3,9,6,8,0,17,12,7,5,6,1,4,12,5,13,13,0
"BACT14",81,59,55,14,0,0,32,36,47,14,23,2,38,26,23,5,15,0,29,25,36,32,38,2
"BACT1131",0,0,2,23,29,6,0,0,1,1,29,42,0,0,0,4,31,0,0,13,3,0,0,42
"BACT30",2,7,40,148,213,121,18,17,15,45,152,79,3,5,4,29,69,23,8,78,123,35,6,112
"BACT76",5,8,22,18,2,3,37,36,39,44,22,5,8,8,13,9,9,1,11,25,45,22,19,8
"BACT128",53,54,12,16,4,0,12,13,14,27,17,1,8,8,9,14,14,1,6,19,27,21,13,3
"BACT29",3,5,73,336,173,68,29,9,13,35,78,35,5,9,9,58,153,35,20,34,57,26,12,41
"BACT155",53,30,34,5,0,0,9,16,41,11,23,0,11,6,14,16,9,0,5,13,30,25,15,2
"BACT636",120,109,18,1,0,0,7,18,18,13,14,2,23,13,20,12,7,1,16,6,30,30,19,2
"BACT129",4,5,14,36,7,2,10,16,5,17,8,0,6,4,6,12,7,1,13,9,37,19,9,6
"BACT301",2,4,15,19,0,0,1,6,3,1,9,0,19,9,16,11,12,1,5,1,4,1,6,0
"BACT244",17,20,1,0,0,0,19,14,8,14,9,4,3,4,3,4,5,0,6,3,12,3,5,1
"BACT131",16,8,13,9,0,0,42,18,8,16,8,0,2,2,6,6,0,0,12,4,30,20,21,1
"BACT140",10,9,20,6,0,5,40,40,21,42,54,0,13,15,16,9,8,1,28,29,88,44,16,9
"BACT318",4,0,3,1,0,0,12,16,12,24,6,0,3,6,2,1,1,0,2,1,2,2,4,0
"BACT50",118,150,62,1,0,0,35,33,15,26,26,1,25,20,24,10,18,1,7,8,25,15,22,1
"BACT19",243,215,77,14,0,0,65,72,94,104,72,1,66,46,42,42,23,2,92,65,131,88,80,5
"BACT84",0,1,5,33,86,38,2,1,2,6,30,38,1,0,0,8,17,26,0,21,19,3,3,66
"BACT208",4,1,2,1,0,0,24,20,15,22,8,0,2,1,0,0,2,0,22,2,22,11,8,1
"BACT204",3,2,20,44,22,11,10,10,2,7,10,1,6,3,5,8,11,6,7,8,13,9,7,5
"BACT4625",0,1,35,8,1,0,13,18,19,21,54,3,3,6,4,21,17,1,4,22,37,21,2,3
"BACT225",25,29,12,2,0,0,23,21,5,14,2,0,13,4,6,3,7,0,15,6,22,14,11,0
"BACT97",4,10,26,48,13,10,22,8,9,6,19,2,6,9,7,9,12,3,10,19,52,40,18,3
"BACT358",33,30,7,1,0,0,6,9,7,12,3,4,9,2,11,7,7,0,3,4,13,15,17,0
"BACT27",140,120,41,7,0,0,38,44,26,40,35,2,37,18,20,21,21,1,93,46,128,86,135,4
"BACT474",0,0,4,16,11,16,0,0,0,0,1,3,0,1,0,3,1,0,0,1,4,0,0,0
"BACT89",29,20,7,0,0,0,18,25,19,29,16,0,12,10,11,5,9,0,12,8,40,28,38,0
"BACT2030",9,3,4,0,0,0,5,7,12,2,1,0,2,2,3,0,1,0,10,3,4,12,11,0
"BACT116",31,26,21,9,1,0,34,30,15,37,26,1,13,13,13,18,3,0,51,26,59,45,28,0
"BACT761",41,31,32,4,0,0,12,8,22,12,13,0,15,9,19,5,5,0,8,10,17,21,17,0
"BACT21",1,2,12,54,378,441,8,11,9,13,40,511,1,0,10,38,216,111,1,4,4,7,2,132
"BACT45",159,144,25,13,0,0,7,35,31,28,8,1,23,6,16,13,13,0,40,8,45,34,41,3
"BACT64",10,17,20,22,2,1,42,43,51,54,22,1,16,8,15,10,7,0,34,29,79,43,37,4
"BACT455",6,2,12,16,0,0,6,4,1,1,7,0,3,5,7,6,11,0,6,3,7,6,3,1
"BACT161",27,14,12,9,0,0,32,27,19,15,8,1,5,7,9,9,7,2,31,17,55,33,34,4
"BACT4309",19,12,3,0,0,0,1,3,5,1,2,0,6,0,2,5,0,0,7,4,12,12,4,0
"BACT79",134,105,14,5,1,2,4,16,10,9,0,1,12,13,14,13,12,0,5,4,15,11,19,1
"BACT119",109,92,46,8,0,0,25,22,43,23,25,1,33,19,28,14,12,1,17,20,20,36,36,2
"BACT104",91,72,14,3,0,0,6,18,15,38,15,0,7,8,17,8,4,0,5,3,8,10,8,1
"BACT319",4,4,4,0,0,0,8,12,8,12,8,0,0,5,3,0,0,0,12,2,9,13,7,1
"BACT101",10,5,16,6,0,0,32,14,18,20,7,0,34,20,14,10,6,0,51,15,30,39,14,1
"BACT38",2,5,24,77,70,37,17,12,28,50,88,66,3,3,8,27,77,7,5,74,63,33,7,91
"BACT199",45,44,14,1,0,0,5,5,6,7,1,0,3,4,5,3,1,0,3,0,1,2,2,0
"BACT219",1,0,15,86,67,41,3,3,4,12,23,12,1,2,0,17,22,9,12,37,53,12,3,32
"BACT906",32,30,12,1,0,0,10,10,13,2,4,0,5,6,7,2,4,0,5,14,14,19,20,1
"BACT39",54,34,25,54,13,8,77,43,41,47,69,14,17,21,14,24,32,3,19,23,105,49,41,15
"BACT1529",0,0,11,15,14,11,5,6,4,2,13,9,0,1,7,7,18,0,1,9,13,2,1,9
"BACT55",90,82,38,4,0,0,40,51,50,44,21,0,34,29,28,18,12,0,35,16,60,26,26,3
"BACT3415",0,1,14,6,0,0,6,2,8,2,21,2,2,3,3,10,9,0,5,7,14,7,0,0
"BACT118",0,0,2,16,59,72,1,1,0,2,13,79,0,0,1,3,51,8,0,4,3,1,1,20
"BACT4344",0,2,17,4,0,0,5,5,12,12,52,4,0,0,3,10,24,0,0,21,12,5,1,5
"BACT72",23,11,12,5,3,1,47,40,31,43,40,3,29,21,17,21,9,1,47,14,64,35,26,1
"BACT396",22,9,20,5,0,0,4,8,9,8,12,0,6,10,6,5,1,0,4,10,8,5,13,1
"BACT1845",14,9,7,0,0,0,5,2,4,1,3,1,5,3,4,0,2,0,5,1,14,10,13,1
"BACT166",26,23,12,4,2,0,6,8,13,3,9,2,4,5,3,5,7,1,5,10,25,14,17,3
"BACT281",14,11,16,15,2,1,0,4,4,4,4,0,10,6,10,7,3,0,18,17,42,20,5,3
"BACT73",80,61,14,2,1,0,9,43,27,60,14,2,2,2,3,2,3,0,37,10,59,33,39,3
"BACT123",38,34,11,8,0,0,27,18,19,14,8,2,14,13,5,6,0,0,4,7,19,5,10,0
"BACT360",6,11,4,1,0,0,15,7,22,12,11,0,3,5,4,2,0,0,2,0,3,2,2,2
"BACT164",81,51,18,10,4,0,15,8,4,4,3,1,21,11,13,10,2,1,7,5,6,11,6,0
"BACT443",4,5,2,0,0,0,14,10,8,8,4,0,4,3,5,2,2,0,17,6,17,14,12,1
"BACT2857",6,7,12,0,0,0,12,10,12,5,3,0,5,2,7,2,2,0,6,1,12,11,8,0
"BACT153",2,1,1,0,0,0,6,19,36,38,12,0,9,19,10,5,2,0,13,0,14,14,12,0
"BACT185",11,10,9,7,1,1,18,22,6,19,4,2,11,4,6,7,1,0,27,3,13,18,32,3
"BACT190",14,13,7,2,0,0,8,14,9,15,12,2,5,4,1,5,4,0,20,8,8,9,7,1
"BACT1103",2,1,30,18,1,1,9,4,19,7,75,10,1,1,6,15,33,0,3,37,36,18,2,8
"BACT138",13,11,13,8,1,1,16,6,12,13,5,0,14,3,7,6,3,0,27,12,23,28,12,1
"BACT1569",0,0,5,10,3,0,3,4,8,6,26,12,0,1,3,3,42,0,0,8,11,4,1,3
"BACT28",2,10,77,282,237,138,30,13,21,45,64,12,3,7,10,46,55,25,39,47,98,40,6,19
"BACT102",5,4,38,75,70,47,36,15,12,32,74,6,9,8,16,22,17,10,28,36,90,43,25,8
"BACT2043",1,1,21,8,1,0,4,7,15,13,28,2,1,0,9,6,13,0,1,20,21,17,2,1
"BACT336",1,0,13,6,23,18,7,1,5,9,29,1,4,6,1,1,4,1,6,7,20,6,6,4
"BACT49",28,34,16,15,4,9,43,53,53,73,37,1,31,25,41,27,23,2,51,23,51,33,42,3
"BACT265",12,11,4,1,0,0,3,10,11,5,8,0,8,2,13,6,5,0,7,4,21,8,8,1
"BACT202",46,23,15,11,0,0,6,14,3,16,10,0,1,2,1,4,3,0,4,8,23,8,14,2
"BACT146",22,18,5,0,0,0,4,17,6,14,7,1,5,8,9,2,7,0,18,18,27,8,12,1
"BACT106",62,70,19,3,0,1,14,11,11,21,5,2,9,8,8,4,4,0,14,5,7,1,6,1
"BACT70",72,108,12,2,0,0,13,36,34,43,26,2,19,17,25,12,19,1,52,22,72,48,28,3
"BACT68",1,4,25,48,46,38,8,3,9,23,62,15,3,0,0,6,13,6,5,30,56,23,5,29
"BACT298",12,11,3,1,0,0,3,1,2,3,2,1,2,0,4,1,1,0,6,9,15,9,11,0
"BACT235",4,4,9,1,0,0,20,19,19,23,2,0,12,15,7,3,2,0,21,3,12,16,12,1
"BACT230",2,4,3,0,0,0,19,17,14,21,10,0,5,5,3,4,4,0,13,4,7,7,5,1
"BACT186",13,10,12,22,1,0,5,5,8,12,13,0,6,7,3,11,6,0,6,7,20,12,7,1
"BACT261",10,9,13,4,1,0,23,13,6,8,2,0,3,3,4,5,2,0,18,5,9,12,5,0
"BACT2257",0,0,16,13,1,0,3,1,7,5,33,1,0,2,1,13,13,0,2,21,16,2,1,5
"BACT133",22,21,6,0,0,0,8,14,19,19,12,0,4,4,3,8,1,0,10,13,23,24,13,2
"BACT179",6,3,8,19,6,2,13,5,13,7,7,1,6,6,3,5,6,0,19,12,28,19,7,3
"BACT127",5,6,11,9,0,0,35,18,11,13,6,0,3,2,6,2,3,1,21,13,45,32,16,0
"BACT87",0,0,3,5,132,78,1,0,0,0,1,29,0,0,0,2,16,51,0,0,1,0,0,29
"BACT224",10,8,2,1,0,0,11,7,3,9,4,0,10,18,10,10,2,1,4,2,5,16,11,1
"BACT218",15,9,4,0,0,0,13,43,13,38,15,1,2,2,1,0,2,0,2,5,9,6,7,1
"BACT41",1,1,7,44,485,157,0,0,2,3,3,41,3,0,2,5,43,76,0,6,1,1,0,45
"BACT113",5,1,13,28,3,2,19,21,9,18,5,0,10,11,8,9,2,1,20,14,30,39,23,4
"BACT16",49,45,21,4,0,1,115,171,202,191,94,7,82,82,99,76,44,3,263,88,232,171,169,8
"BACT66",35,27,5,2,3,1,10,28,18,23,7,4,8,5,9,9,12,0,12,13,39,31,42,3
"BACT37",100,65,29,6,0,0,41,34,36,14,24,3,32,17,28,9,3,0,44,53,101,94,87,6
"BACT121",1,0,5,33,121,98,1,0,0,2,3,10,0,0,0,1,15,33,0,2,1,0,1,5
"BACT182",3,3,15,3,3,0,20,18,21,19,29,1,6,7,4,2,1,1,15,5,34,21,14,0
"BACT124",97,74,31,11,11,16,17,33,24,72,22,1,8,7,5,8,12,2,23,13,40,33,40,2
"BACT222",3,1,1,0,0,0,5,33,13,23,9,0,0,0,1,2,1,0,2,6,11,8,9,0
"BACT299",16,21,12,10,1,0,28,23,9,19,8,0,14,14,13,5,8,0,56,6,39,24,20,1
"BACT212",6,4,7,2,0,0,20,12,18,15,14,0,9,7,11,2,3,0,17,5,11,16,9,1
"BACT1970",3,4,11,2,0,0,11,11,18,8,10,1,6,5,7,6,1,0,12,4,20,9,5,0
"BACT23",8,13,9,2,0,0,9,8,12,8,5,0,2,2,2,3,1,0,0,6,9,12,5,0
"BACT126",1,1,18,103,173,167,4,0,1,2,4,19,0,1,1,6,48,35,1,10,8,2,0,10
"BACT387",8,14,8,24,12,7,9,9,10,2,8,3,3,5,3,2,3,1,3,8,11,5,2,1
"BACT57",98,83,29,7,0,1,49,35,33,36,36,3,13,14,11,15,4,0,24,9,52,31,36,0
"BACT216",5,3,8,1,0,0,10,6,9,9,21,1,13,12,29,7,10,0,2,0,0,4,0,0
"BACT162",11,5,4,1,0,0,43,38,23,18,6,0,10,6,9,6,3,0,3,0,4,7,0,0
"BACT357",0,0,4,12,17,3,7,1,2,1,12,1,2,0,0,1,2,2,2,3,2,2,3,4
"BACT273",5,1,10,11,8,1,14,4,1,2,8,1,0,2,1,2,3,0,3,4,21,8,6,0
"BACT1722",0,0,6,18,39,13,1,0,3,2,25,9,0,0,0,2,22,1,0,16,10,3,1,13
"BACT3503",0,0,11,12,2,0,1,5,14,7,23,5,0,0,5,15,49,0,0,15,14,4,2,4
"BACT354",0,0,5,13,0,0,2,5,12,9,12,0,1,0,1,3,0,0,1,8,7,2,0,0
"BACT292",5,3,9,3,0,0,24,18,17,8,5,0,6,8,4,2,2,1,7,3,21,16,16,1
"BACT229",44,26,7,1,1,0,21,24,19,40,12,0,8,2,4,2,4,0,16,4,18,15,15,0
"BACT289",26,25,11,7,1,1,1,0,0,0,0,0,1,1,2,0,0,1,6,3,9,4,3,0
"BACT3201",0,0,5,22,42,15,0,3,9,6,68,58,1,0,2,10,43,4,0,10,20,2,1,55
"BACT203",0,2,9,1,0,1,19,12,11,14,15,0,9,2,5,3,1,0,21,18,20,25,10,1
"BACT165",2,2,8,14,0,1,12,2,0,4,1,0,1,2,0,5,1,0,6,5,11,3,3,0
"BACT736",11,13,13,4,4,2,3,2,0,3,0,0,3,1,3,0,1,0,2,0,6,4,7,0
"BACT135",2,4,5,16,91,37,1,5,0,5,4,28,0,0,1,9,30,20,0,8,9,2,0,30
"BACT105",5,3,7,1,1,0,38,48,34,68,13,0,11,10,12,1,2,0,38,4,7,18,17,1
"BACT175",6,5,10,3,3,1,17,17,19,11,5,1,11,1,3,4,0,0,16,4,22,23,7,5
"BACT99",4,1,3,2,0,0,21,21,19,27,16,0,3,3,4,6,3,0,24,34,83,46,14,9
"BACT86",101,102,3,0,0,0,12,25,9,13,10,0,10,5,8,10,7,0,3,0,13,4,8,0
"BACT206",0,0,1,10,48,36,0,1,1,1,8,10,0,0,0,1,9,12,0,10,5,0,0,19
"BACT108",20,12,7,0,0,0,4,11,10,11,5,0,20,10,10,8,5,0,23,4,18,10,6,0
"BACT276",1,1,4,17,20,7,12,2,4,5,6,1,0,2,1,1,4,0,2,3,9,3,3,1
"BACT338",1,1,21,19,0,0,0,2,1,0,1,0,1,0,1,1,1,0,16,7,15,7,6,1
"BACT251",0,0,2,2,44,34,0,0,0,0,0,10,0,0,0,0,5,25,0,0,0,0,0,13
"BACT231",2,1,26,20,2,1,5,5,8,8,9,2,6,8,3,6,3,0,2,9,14,7,2,1
"BACT77",0,0,1,6,180,287,0,0,1,0,0,31,0,0,0,2,12,93,0,0,1,0,0,54
"BACT171",1,2,11,55,37,37,0,2,2,2,2,3,2,3,1,3,7,1,1,1,0,0,0,1
"BACT221",2,3,3,0,0,0,7,6,11,9,0,0,3,1,0,0,1,0,13,8,30,22,19,3
"BACT220",14,20,6,0,0,0,15,15,11,10,5,0,12,6,3,3,3,0,3,3,5,5,7,2
"BACT91",7,10,8,4,0,0,37,34,22,23,20,0,17,12,3,19,1,0,18,10,53,21,25,2
"BACT246",38,33,6,1,2,0,5,8,12,9,6,0,4,1,2,2,3,0,8,3,10,6,4,0
"BACT181",18,14,6,0,0,0,11,15,20,26,16,1,8,7,5,5,12,0,8,5,11,13,12,0
"BACT254",2,1,5,0,0,0,16,6,7,12,3,0,6,1,2,5,0,0,14,3,15,19,6,2
"BACT234",4,1,7,16,1,0,4,8,11,14,16,6,9,5,14,8,9,0,23,0,19,9,20,0
"BACT200",15,14,3,1,0,0,20,19,17,14,4,1,9,9,5,3,5,0,11,2,10,10,18,2
"BACT332",9,2,5,1,1,0,10,2,2,2,0,0,0,1,0,0,0,0,15,5,30,17,10,0
"BACT253",2,1,4,9,0,0,22,11,5,5,5,0,3,1,2,1,0,0,9,5,16,17,10,2
"BACT327",6,5,8,2,0,0,26,13,9,14,10,0,6,2,4,3,5,0,9,2,28,20,9,0
"BACT2440",0,0,13,3,0,0,2,8,12,9,37,0,0,0,5,11,8,1,2,14,15,6,2,0
"BACT170",2,7,7,15,0,0,10,8,8,5,29,1,3,4,8,11,17,0,19,8,15,12,8,1
"BACT274",28,24,5,1,0,0,21,22,12,23,9,0,4,3,1,4,3,0,16,8,29,9,20,1
"BACT177",0,0,4,19,56,45,0,1,0,3,4,7,0,0,0,1,14,6,0,5,4,3,0,41
"BACT237",3,4,9,2,2,1,21,21,15,31,25,0,10,6,5,3,1,0,26,8,23,14,12,2
"BACT998",22,12,13,3,0,0,7,1,10,3,8,0,8,4,5,2,3,0,8,12,22,25,19,0
"BACT32",0,0,1,20,416,319,0,1,0,1,2,90,0,2,1,12,31,111,0,1,1,0,0,73
"BACT42",85,54,5,1,0,0,45,88,112,82,33,1,65,54,82,42,29,2,21,8,24,38,44,4
"BACT361",2,3,1,0,1,0,8,10,9,10,9,2,2,1,1,0,1,0,3,14,20,9,28,2
"BACT46",18,12,3,8,7,4,35,26,17,20,11,2,33,19,19,15,9,2,44,29,41,43,56,1
"BACT2746",0,0,4,38,41,18,0,1,1,3,26,68,0,0,0,4,40,1,0,11,3,0,0,57
"BACT159",19,7,2,2,0,0,14,31,12,18,6,1,6,6,7,8,7,1,0,3,3,38,9,1
"BACT122",1,1,1,5,4,0,26,15,11,9,2,0,9,7,6,5,1,0,20,5,19,18,8,0
"BACT95",10,18,3,1,0,0,4,8,1,1,7,0,4,3,0,5,1,0,9,4,14,17,12,0
"BACT195",6,1,4,4,2,0,25,18,13,17,26,2,14,4,8,8,1,0,9,8,29,18,7,0
"BACT173",1,1,9,40,27,19,3,0,5,3,12,7,0,0,0,8,7,3,1,14,18,3,1,13
"BACT180",1,1,5,0,0,0,13,10,4,6,1,1,10,7,5,1,3,0,16,4,40,29,13,0
"BACT328",0,0,3,12,17,11,1,2,0,0,10,4,0,0,1,1,9,5,0,3,11,0,0,5
"BACT48",1,1,2,42,256,152,1,0,3,2,2,34,0,1,1,7,29,45,0,4,5,0,0,80
"BACT110",9,9,8,1,0,0,27,29,15,18,6,1,17,11,12,14,6,0,52,19,64,46,21,1
"BACT250",0,0,4,12,16,17,1,4,5,4,17,1,2,1,1,2,7,0,5,15,16,2,4,4
"BACT160",8,13,3,2,0,0,41,13,29,22,11,1,6,10,11,13,6,0,4,2,9,6,4,0
"BACT302",0,0,4,17,24,22,2,0,2,5,0,1,1,3,2,4,9,1,2,1,1,0,0,7
"BACT1759",0,0,2,2,23,13,0,0,0,0,5,35,0,0,0,0,11,1,0,1,0,0,0,7
"BACT142",0,2,9,34,20,9,4,3,4,7,14,5,1,1,2,5,24,1,2,18,25,12,4,13
"BACT148",20,21,3,1,0,0,7,54,32,49,14,0,2,1,2,2,2,0,1,3,18,12,20,0
"BACT115",1,0,2,20,82,55,0,1,2,3,14,30,0,0,1,2,14,21,1,16,16,1,2,31
"BACT350",2,3,3,15,2,2,8,8,2,6,5,2,3,0,1,2,3,1,6,2,24,10,12,0
"BACT249",30,29,10,3,1,0,5,13,11,3,2,0,0,0,3,1,1,0,0,0,1,0,3,0
"BACT321",0,1,1,0,0,0,0,1,1,1,1,0,0,1,0,3,0,1,19,26,32,19,6,10
"BACT168",12,11,2,0,0,0,17,28,27,22,23,0,11,11,20,18,16,1,3,10,27,15,32,2
"BACT215",10,9,3,0,0,1,16,17,11,9,3,1,10,9,14,5,10,0,5,1,5,5,4,1
"BACT264",3,4,1,0,0,0,0,0,2,2,0,0,0,0,0,0,0,0,12,8,16,11,20,1
"BACT141",0,0,1,3,86,120,0,0,0,1,0,4,0,0,0,0,0,19,0,2,0,0,0,9
"BACT242",2,1,4,1,0,0,6,10,7,4,1,0,2,3,2,1,0,0,31,10,39,23,14,0
"BACT233",0,0,5,19,83,37,1,0,1,0,3,5,0,0,0,2,9,13,0,4,0,0,0,10
"BACT2383",26,21,3,0,0,0,5,3,7,0,6,0,6,4,2,3,2,0,13,1,11,11,7,0
"BACT260",0,0,1,4,49,41,0,0,0,0,1,37,0,1,0,0,5,9,0,0,0,0,0,28
"BACT262",8,9,4,2,0,0,5,4,2,6,2,0,0,0,3,2,1,0,2,6,24,14,18,2
"BACT214",57,42,4,0,0,0,3,6,0,3,0,1,1,0,0,1,3,1,1,0,7,12,9,1
"BACT80",33,23,4,0,0,1,13,43,23,32,12,2,4,1,3,2,0,0,7,9,30,21,39,3
"BACT236",1,0,1,0,0,0,8,10,8,19,10,1,0,1,0,1,2,0,3,14,32,12,4,3
"BACT3459",4,9,2,2,0,0,7,9,7,10,4,0,11,8,11,5,2,0,23,8,17,20,8,0
"BACT132",11,8,3,1,0,0,14,11,11,10,8,0,6,1,4,10,4,0,7,8,18,14,16,0
"BACT156",0,0,1,26,92,30,1,0,2,1,5,6,0,0,5,14,17,6,2,0,0,2,0,1
"BACT196",18,22,2,0,0,0,1,16,18,21,13,0,2,0,11,4,2,0,1,2,17,10,16,0
"BACT317",27,19,1,1,0,1,1,7,2,8,5,1,6,3,8,4,4,0,4,3,6,6,11,0
"BACT81",0,0,1,20,102,87,0,2,1,3,15,119,0,0,0,3,24,11,0,5,5,3,0,45
"BACT2802",0,0,3,21,12,4,0,1,1,2,12,8,0,0,3,1,8,0,0,3,3,2,0,3
"BACT411",9,6,2,0,0,0,1,15,11,13,4,2,0,0,0,0,0,0,2,1,7,7,10,0
"BACT285",10,7,1,0,0,0,6,7,3,3,0,0,12,5,5,5,0,0,9,0,5,13,13,0
"BACT172",0,0,1,7,87,83,0,0,0,0,2,7,0,1,0,3,10,15,0,0,0,0,0,2
"BACT1384",0,0,2,34,31,10,0,0,0,0,26,52,0,0,0,1,41,0,0,17,3,1,0,58
"BACT257",1,1,1,6,0,0,3,3,2,8,5,0,0,0,1,1,0,0,11,11,39,16,8,1
"BACT290",0,0,1,6,36,36,0,0,0,0,2,2,0,0,0,1,6,13,1,1,0,0,0,4
"BACT311",8,16,1,0,0,0,13,3,7,9,9,0,13,7,5,5,6,1,3,2,6,2,3,0
"BACT54",0,0,0,28,251,275,1,1,0,2,4,43,2,0,0,4,18,70,1,3,3,5,3,76
"BACT2453",0,0,0,4,5,2,0,0,0,0,41,117,0,0,0,1,44,5,0,4,2,0,0,62
"BACT1684",0,0,0,12,6,6,0,0,0,1,2,8,0,0,0,1,13,0,0,1,0,0,0,17
"BACT2458",0,0,0,3,19,9,0,0,0,0,4,31,0,0,0,0,13,0,0,0,0,0,0,5
"BACT256",7,7,0,1,0,0,14,22,6,11,0,0,2,2,1,3,0,0,5,2,5,5,10,0
"BACT75",0,0,0,19,258,79,0,1,0,1,3,35,0,1,1,5,35,66,0,4,1,0,1,53
"BACT284",0,0,0,4,33,23,0,0,0,0,0,5,0,0,0,0,15,10,0,2,0,0,0,20
"BACT92",0,0,0,20,281,177,0,0,0,0,1,77,0,0,0,6,28,95,0,0,0,1,0,60
"BACT1752",0,1,0,4,33,17,0,0,0,1,3,35,0,0,0,3,18,2,0,0,0,0,0,6
"BACT61",1,0,0,5,223,142,0,0,1,1,1,27,0,0,1,4,20,54,0,1,1,0,1,22
"BACT280",0,0,0,4,40,27,0,0,0,0,0,5,0,0,0,0,6,17,0,0,0,0,0,10
"BACT217",0,0,0,2,62,72,0,0,0,0,0,5,0,0,0,0,4,18,0,1,0,0,0,2
"BACT1644",0,0,0,3,19,14,0,0,1,1,4,44,0,0,0,1,11,1,0,0,0,0,0,9
"BACT174",0,0,0,2,67,101,0,0,0,0,0,10,0,0,0,0,5,14,0,1,0,0,0,17
"BACT304",15,9,0,1,0,0,4,1,2,5,1,0,8,5,12,5,5,3,16,3,3,6,4,0
"BACT1937",0,0,0,3,3,0,0,0,0,2,15,63,0,0,0,0,28,5,0,1,1,0,0,38
"BACT268",0,0,0,2,51,46,0,0,0,0,0,2,0,0,0,0,1,4,0,0,0,1,0,22
"BACT465",0,0,0,1,9,21,0,0,0,0,0,12,0,0,0,0,3,6,0,0,0,0,0,15
"BACT478",0,0,0,2,3,3,0,0,0,0,13,28,0,0,0,0,0,0,0,1,1,0,0,18
"BACT2714",0,0,0,3,4,2,0,0,0,0,11,56,0,0,0,1,28,7,0,4,1,0,0,23
"BACT56",1,0,0,1,0,0,0,0,0,0,0,0,240,2,271,25,1,7,0,0,0,0,0,0
"BACT228",0,1,0,3,56,33,0,0,0,0,0,6,0,0,0,0,10,18,0,0,1,0,0,14
"BACT184",0,0,0,0,48,101,0,1,0,0,0,9,0,0,0,0,4,14,1,0,0,0,0,15
"BACT315",0,0,0,0,14,16,0,0,0,0,0,4,0,0,0,0,1,2,0,0,1,1,0,98
"BACT241",12,8,0,0,3,1,19,15,8,15,2,0,5,4,3,2,2,0,6,4,2,5,9,1
"BACT508",29,13,0,0,0,3,5,14,7,10,4,0,2,4,3,2,5,1,0,0,0,0,1,0
"BACT475",5,1,0,0,0,0,1,0,2,2,2,0,1,2,2,1,1,0,5,8,14,21,23,0
"BACT291",11,15,0,0,0,0,0,18,10,9,10,0,0,2,1,3,0,0,1,2,5,6,7,0
"BACT167",17,18,0,0,0,0,15,57,33,23,6,1,7,4,12,6,2,2,1,0,1,1,0,0
"BACT145",5,3,0,0,0,0,22,21,16,14,18,0,4,4,0,3,5,0,9,3,12,6,17,1
"BACT379",3,2,0,0,0,0,6,27,25,22,6,0,2,0,1,4,0,2,1,1,4,7,8,0
"BACT491",2,1,0,0,0,0,1,1,1,0,0,0,0,0,0,1,0,0,0,4,11,13,11,1
"BACT137",1,2,0,0,0,0,7,5,12,1,1,0,12,17,12,14,10,0,16,2,6,13,13,0
"BACT201",0,4,0,0,0,0,1,1,0,0,2,0,5,7,17,10,14,96,0,0,0,3,1,1
"BACT163",0,0,0,0,0,0,48,55,16,9,13,1,6,10,9,10,11,2,0,0,0,0,0,0
"BACT283",0,0,0,0,0,0,16,7,9,13,14,1,3,8,0,7,4,0,1,1,10,6,0,0
"BACT340",0,0,0,0,0,0,105,23,8,14,7,0,0,0,0,0,0,0,3,0,1,2,0,0
"BACT325",0,0,0,0,0,0,25,16,9,12,6,1,1,3,3,7,12,1,0,0,0,1,0,0
"BACT107",0,0,0,0,0,0,10,6,5,4,6,3,0,3,0,3,0,1,19,14,21,234,21,1
"BACT157",0,0,0,0,0,0,0,0,0,0,0,0,24,1,81,70,18,7,0,0,1,2,0,0
"BACT356",0,0,0,0,0,0,0,0,0,0,0,0,17,2,65,12,0,1,0,0,0,0,0,0
"BACT259",0,0,0,0,0,0,0,0,0,0,0,0,13,22,4,1,26,53,0,0,0,0,0,0
"BACT400",0,0,0,0,0,0,0,0,0,0,0,0,0,0,0,0,0,0,4,3,30,7,27,12
