ASV,Subnetwork,Tax,AverageShortestPathLength,BetweennessCentrality,ClosenessCentrality,ClusteringCoefficient,Degree,Eccentricity,EdgeCount,Indegree,kWithin,NeighborhoodConnectivity,NumberOfUndirectedEdges,Outdegree,Radiality,Stress,TopologicalCoefficient
BACT90,SNET1,Flavobacteriaceae,3.344444444,0,0.299003322,0,1,5,1,0,2.840983304,17,1,1,0.988835979,0,0
BACT491,SNET3,Bacteria,2.766666667,0.000260587,0.361445783,0.476190476,7,5,7,1,5.85546739,24.42857143,7,6,0.991587302,632,0.237170596
BACT400,SNET2,Gammaproteobacteria,2.861111111,0.000317972,0.349514563,0.535714286,8,5,8,0,3.178973557,17.125,8,8,0.991137566,588,0.255597015
BACT379,SNET3,Flavobacteriaceae,2.169444444,0.000664353,0.460947503,0.598290598,27,4,27,0,13.21193566,92.48148148,27,27,0.994431217,3808,0.336296296
BACT356,SNET1,Bradyrhizobium,3.3,0.000117072,0.303030303,0.833333333,4,5,4,0,2.903811594,8.25,4,4,0.989047619,302,0.375
BACT350,SNET2,Alphaproteobacteria,3.322222222,1.29E-05,0.301003344,0.333333333,3,5,3,0,1.958550898,10,3,3,0.988941799,8,0.537037037
BACT340,SNET3,Bacteroidia,3.333333333,0,0.3,0,1,5,1,0,2.1949489,19,1,1,0.988888889,0,0
BACT325,SNET1,Bacteria,2.727777778,0.001727372,0.366598778,0.358974359,13,5,13,0,2.885939138,16.30769231,13,13,0.991772487,2690,0.15832711
BACT315,SNET1,Deltaproteobacteria,1.988888889,0.000104785,0.502793296,0.921123321,91,4,91,0,28.03144438,145.3626374,91,91,0.995291005,1702,0.515470345
BACT283,SNET3,Bacteria,2.838888889,0.000994228,0.352250489,0.333333333,7,5,7,1,1.963105955,17,7,6,0.991243386,1018,0.237424547
BACT259,SNET1,Brevundimonas,2.616666667,0.004943097,0.382165605,0.1,5,4,5,0,4.954497476,42.6,5,5,0.992301587,20260,0.2625
BACT317,SNET3,Flavobacteriaceae,1.933333333,0.003540732,0.517241379,0.695131086,90,4,90,6,27.23576138,131.2777778,90,84,0.995555556,30342,0.436138797
BACT256,SNET3,Gammaproteobacteria,1.955555556,0.001627023,0.511363636,0.712354312,66,4,66,5,17.74698523,133.1666667,66,61,0.995449735,11794,0.425452609
BACT241,SNET3,DEV007,2.369444444,0.001165511,0.422039859,0.475,16,4,16,1,10.24686479,66.9375,16,15,0.993478836,4592,0.304261364
BACT95,SNET3,SAR11,2.116666667,0.000795813,0.472440945,0.675675676,37,4,37,3,15.52362649,120.1891892,37,34,0.99468254,6446,0.41444548
BACT253,SNET2,Dehalococcoidia,2.347222222,0.003336951,0.426035503,0.515151515,22,4,22,3,10.74693293,49.13636364,22,19,0.993584656,7512,0.224159402
BACT231,SNET1,Emcibacter,2.683333333,0.001095564,0.372670807,0.542857143,15,4,15,2,7.17908044,22.73333333,15,13,0.991984127,2200,0.191036415
BACT273,SNET1,Alphaproteobacteria,2.744444444,0.000498914,0.36437247,0.6,6,5,6,3,3.931175577,46.66666667,6,3,0.991693122,5790,0.373333333
BACT2440,SNET1,Gammaproteobacteria,2.680555556,0.001279552,0.373056995,0.594771242,18,4,18,2,6.745220383,20,18,16,0.991997354,2482,0.181818182
BACT736,SNET3,Colwellia,2.883333333,0.000271638,0.346820809,0.581818182,11,5,11,3,3.667741858,19.18181818,11,8,0.991031746,448,0.286295794
BACT3503,SNET1,SUP05,2.152777778,0.006854842,0.464516129,0.36344086,31,4,31,6,12.18229875,57.64516129,31,25,0.994510582,28650,0.207356695
BACT354,SNET1,Bacteria,2.769444444,0.001276977,0.36108325,0.494505495,14,4,14,3,5.055191675,18.85714286,14,11,0.991574074,1786,0.219269103
BACT214,SNET3,Flavobacteriaceae,2.188888889,0.004895781,0.456852792,0.403940887,29,4,29,0,13.29549297,66.62068966,29,29,0.994338624,22442,0.24403183
BACT2043,SNET1,Gammaproteobacteria,2.755555556,0.0002549,0.362903226,0.79047619,15,5,15,5,7.099979254,21.66666667,15,10,0.991640212,792,0.23297491
BACT237,SNET2,Nitrospina,2.230555556,0.002262966,0.448318804,0.522689076,35,4,35,4,10.30350834,57.82857143,35,31,0.994140212,11234,0.228571429
BACT195,SNET2,Nitrospina,2.294444444,0.000432144,0.435835351,0.588744589,22,4,22,0,8.717335494,70,22,22,0.993835979,2230,0.288065844
BACT1937,SNET1,SUP05,2.116666667,5.01E-05,0.472440945,0.928156749,53,4,53,2,18.1354402,151.4339623,53,51,0.99468254,690,0.548673776
BACT202,SNET3,Bacteria,2.205555556,0.000162954,0.453400504,0.555555556,18,4,18,4,14.07068866,102.7222222,18,14,0.994259259,912,0.374898621
BACT478,SNET1,Bacteria,1.852777778,0.000506444,0.539730135,0.815096774,125,4,125,4,27.44671282,146.896,125,121,0.995939153,6922,0.499646259
BACT228,SNET1,Bacteria,1.872222222,0.000380304,0.534124629,0.845178749,119,4,119,2,41.59939991,145.9579832,119,117,0.995846561,6166,0.498150113
BACT2714,SNET1,SUP05,1.741666667,0.002198734,0.574162679,0.698063297,146,4,146,3,32.91505988,139.4520548,146,143,0.996468254,20428,0.449845338
BACT268,SNET1,Proteobacteria,1.905555556,0.000242265,0.524781341,0.882235196,110,4,110,6,38.97604414,147.4727273,110,104,0.995687831,3984,0.508526646
BACT465,SNET1,Desulfobulbaceae,1.863888889,0.000329253,0.536512668,0.85933652,118,4,118,5,41.53505456,147.3983051,118,113,0.995886243,5760,0.501354779
BACT184,SNET1,Bacteria,1.975,0.000133777,0.506329114,0.914035088,96,4,96,1,36.11358094,146.40625,96,95,0.995357143,1948,0.519171099
BACT2723,SNET2,Marinobacterium,2.366666667,0.003755579,0.422535211,0.529411765,17,4,17,13,7.301243979,55.17647059,17,4,0.993492063,7714,0.25426945
BACT175,SNET2,Gammaproteobacteria,2.452777778,0.000359078,0.407701019,0.621212121,12,4,12,5,6.97497005,55.91666667,12,7,0.993082011,860,0.279166667
BACT174,SNET1,Bacteria,1.872222222,0.000285622,0.534124629,0.871548436,115,4,115,7,41.90035887,147.7565217,115,108,0.995846561,4974,0.502573203
BACT186,SNET2,Proteobacteria,2.191666667,0.001346261,0.456273764,0.664021164,28,4,28,3,8.660702692,104.6785714,28,25,0.994325397,7768,0.380649351
BACT234,SNET2,Bacteroidia,2.575,0.000141947,0.388349515,0.571428571,8,4,8,1,5.974873026,59.875,8,7,0.9925,326,0.355654762
BACT301,SNET2,Proteobacteria,3.425,0,0.291970803,1,2,5,2,2,1.982914,7,2,0,0.988452381,0,0.583333333
BACT455,SNET2,Proteobacteria,3.425,0,0.291970803,1,2,5,2,1,3.263403989,7,2,1,0.988452381,0,0.583333333
BACT170,SNET2,Proteobacteria,2.430555556,0.01171328,0.411428571,0.46969697,12,4,12,0,5.911779068,56.16666667,12,12,0.993187831,56642,0.266192733
BACT2383,SNET3,SAR11,1.905555556,0.002915919,0.524781341,0.717227179,94,4,94,3,23.35119138,139.1702128,94,91,0.995687831,28000,0.454804617
BACT508,SNET3,NS9_MG,2.672222222,0.003096593,0.374220374,0.392857143,8,5,8,1,7.437512088,28.125,8,7,0.992037037,13866,0.218023256
BACT215,SNET3,Gammaproteobacteria,2.066666667,0.006651521,0.483870968,0.672257163,54,4,54,5,19.54317256,115.2407407,54,49,0.994920635,34522,0.398756888
BACT311,SNET3,Alphaproteobacteria,1.972222222,0.004563064,0.507042254,0.731171171,75,4,75,4,27.53508826,126.5733333,75,71,0.99537037,30382,0.419116998
BACT165,SNET2,Alphaproteobacteria,3.258333333,0.00011925,0.306905371,0,2,5,2,1,2.57823584,10,2,1,0.989246032,64,0.5
BACT1684,SNET1,SUP05,1.716666667,0.001309359,0.582524272,0.751045661,152,3,152,18,43.55768739,144.0789474,152,134,0.996587302,17174,0.464770798
BACT54,SNET1,Deltaproteobacteria,1.858333333,0.000257909,0.538116592,0.87464986,120,4,120,19,46.42722257,150.1416667,120,101,0.995912698,4506,0.512428896
BACT290,SNET1,Bacteria,1.716666667,0.001152659,0.582524272,0.747182754,157,4,157,20,48.61766703,144.477707,157,137,0.996587302,17520,0.472149369
BACT1752,SNET1,Gammaproteobacteria,1.747222222,0.001718825,0.572337043,0.737348086,149,4,149,13,42.41774108,141.7248322,149,136,0.996441799,20408,0.466200106
BACT284,SNET1,Bacteroidia,1.825,0.000464347,0.547945205,0.831200787,128,4,128,15,44.35034378,147.59375,128,113,0.996071429,7706,0.496948653
BACT280,SNET1,Bacteroidetes_BD2-2,1.819444444,0.000434199,0.549618321,0.839270091,127,4,127,10,45.35004517,148.1496063,127,117,0.996097884,7696,0.495483633
BACT75,SNET1,Bacteria,1.933333333,0.000143063,0.517241379,0.910295617,109,4,109,16,49.24154781,150.0275229,109,93,0.995555556,2128,0.532012493
BACT61,SNET1,Desulfobacteraceae,1.930555556,0.00014801,0.517985612,0.917849141,104,4,104,11,43.52381522,148.9615385,104,93,0.995568783,2764,0.52084454
BACT2453,SNET1,Arcobacter,1.916666667,0.000625449,0.52173913,0.773964768,94,4,94,14,25.01832427,142.0106383,94,80,0.995634921,6458,0.473368794
BACT92,SNET1,Bacteria,1.983333333,6.00E-05,0.504201681,0.948340346,93,4,93,13,46.56291697,148.0430108,93,80,0.99531746,1074,0.528725038
BACT217,SNET1,Bacteria,1.836111111,0.000601041,0.544629349,0.842857143,120,4,120,9,39.49328234,146.8583333,120,111,0.996018519,7488,0.489527778
BACT2458,SNET1,Gammaproteobacteria,1.733333333,0.001409289,0.576923077,0.762017051,149,3,149,17,44.72546663,144.5436242,149,132,0.996507937,18066,0.470826137
BACT1644,SNET1,SUP05,1.725,0.001851023,0.579710145,0.730603805,156,4,156,9,45.35325605,142.3012821,156,147,0.996547619,21362,0.46656158
BACT34,SNET3,Rhodobacteraceae,2.55,0.00089885,0.392156863,0.444444444,10,4,10,8,10.74368694,40.3,10,2,0.992619048,2332,0.251875
BACT338,SNET2,Bacteria,2.811111111,0.002915962,0.355731225,0.218181818,11,4,11,5,5.036675229,11.27272727,11,6,0.991375661,3772,0.160427807
BACT289,SNET3,Bacteroidia,2.541666667,0.001534655,0.393442623,0.256410256,13,4,13,4,6.877727735,28.84615385,13,9,0.99265873,3562,0.166740774
BACT65,SNET3,Verrucomicrobiales,2.719444444,0.000732559,0.367722165,0.454545455,12,5,12,10,4.333695608,18.66666667,12,2,0.991812169,1424,0.179487179
BACT167,SNET3,Verrucomicrobiales,2.341666667,0.004300174,0.427046263,0.384210526,20,4,20,3,11.25629039,48.7,20,17,0.993611111,13060,0.213596491
BACT332,SNET2,053A03-B-DI-P58,2.138888889,0.007729092,0.467532468,0.414285714,21,4,21,8,6.856502992,71,21,13,0.99457672,26980,0.242987606
BACT163,SNET1,Bacteria,2.716666667,0.001330075,0.36809816,0.371794872,13,5,13,1,3.085553721,17.23076923,13,12,0.991825397,2580,0.161035226
BACT216,SNET3,Alphaproteobacteria,2.561111111,0.001300746,0.390455531,0.454545455,11,4,11,8,5.354667963,32.45454545,11,3,0.992566138,3488,0.194338596
BACT56,SNET1,Methylobacterium,3.3,0.000117072,0.303030303,0.833333333,4,5,4,3,3.040933864,8.25,4,1,0.989047619,302,0.375
BACT201,SNET1,Brevundimonas,3.030555556,0.001427012,0.329972502,0.4,6,5,6,3,2.964468415,9.5,6,3,0.990330688,2420,0.233333333
BACT157,SNET1,Microbacterium,3.519444444,2.62E-05,0.284135754,0.666666667,4,5,4,2,3.724497261,4.75,4,2,0.988002646,40,0.527777778
BACT262,SNET3,SAR11,2.111111111,0.002115727,0.473684211,0.704204204,37,4,37,4,18.55278732,136.1351351,37,33,0.994708995,10822,0.47433845
BACT156,SNET1,Bacteria,1.852777778,0.002272834,0.539730135,0.777950848,108,4,108,21,27.38443976,141.1666667,108,87,0.995939153,14962,0.461328976
BACT243,SNET3,Saprospiraceae,2.433333333,0.002495814,0.410958904,0.39047619,15,4,15,14,6.440884105,36.4,15,1,0.993174603,6114,0.176699029
BACT159,SNET3,Polaribacter,2.286111111,0.000171062,0.437424058,0.761904762,22,4,22,7,12.5378477,102.7272727,22,15,0.993875661,918,0.410909091
BACT23,SNET3,SAR11,2.183333333,0.000103375,0.458015267,0.812698413,36,4,36,8,17.84917516,134.7777778,36,28,0.994365079,690,0.502902156
BACT291,SNET3,MB11C04_MG,1.941666667,0.001563143,0.515021459,0.680623174,79,4,79,2,24.4674347,127.7468354,79,77,0.995515873,13340,0.420219853
BACT361,SNET3,Synechococcus_CC9902,2.341666667,0.000877371,0.427046263,0.483333333,16,4,16,6,8.5669838,50.8125,16,10,0.993611111,5328,0.221888646
BACT145,SNET3,SAR86_clade,2.183333333,0.001365855,0.458015267,0.593333333,25,4,25,1,11.868194,85.48,25,24,0.994365079,6990,0.314264706
BACT1569,SNET1,SUP05,2.069444444,0.009094809,0.483221477,0.463768116,46,4,46,16,14.529686,92.2173913,46,30,0.994907407,49010,0.310496267
BACT246,SNET3,Marinimicrobia,1.872222222,0.002768423,0.534124629,0.703232323,100,4,100,15,29.34908169,132.44,100,85,0.995846561,17460,0.43
BACT360,SNET3,Gammaproteobacteria,2.322222222,7.32E-05,0.43062201,0.679487179,13,4,13,8,12.058775,91,13,5,0.993703704,480,0.379166667
BACT76,SNET2,Sva0996_MG,2.958333333,8.67E-06,0.338028169,0.333333333,3,5,3,2,6.018470446,31.33333333,3,1,0.990674603,18,0.449275362
BACT140,SNET2,Nitrospina,2.422222222,0.0007646,0.412844037,0.615384615,13,4,13,10,7.154985293,56.38461538,13,3,0.993227513,4694,0.261896243
BACT411,SNET3,Bacteria,1.941666667,0.008598877,0.515021459,0.655087719,76,4,76,9,22.82879595,130.1052632,76,67,0.995515873,45812,0.423752786
BACT2802,SNET1,SUP05,1.613888889,0.004241669,0.619621343,0.657779325,170,3,170,24,37.87606786,137.3117647,170,146,0.99707672,40364,0.417360987
BACT285,SNET3,Bacteria,1.905555556,0.003611784,0.524781341,0.743430483,92,4,92,8,20.5387815,141.0869565,92,84,0.995687831,25496,0.456592092
BACT196,SNET3,Flavobacteriales,1.852777778,0.003686236,0.539730135,0.706929995,107,4,107,8,30.12911539,135.9252336,107,99,0.995939153,27064,0.441315694
BACT172,SNET1,Bacteria,1.813888889,0.00043224,0.551301685,0.838420543,129,4,129,21,42.35298033,148.9147287,129,108,0.996124339,7826,0.498042571
BACT81,SNET1,Ectothiorhodospiraceae,1.747222222,0.000718317,0.572337043,0.788931789,148,4,148,26,51.79088983,147.1689189,148,122,0.996441799,10890,0.484108286
BACT141,SNET1,Bacteria,1.9,0.000271349,0.526315789,0.871754933,108,4,108,25,36.87262769,146.4351852,108,83,0.995714286,4302,0.50149036
BACT1384,SNET1,SUP05,1.730555556,0.001173716,0.577849117,0.752252252,148,4,148,23,42.0603667,143.777027,148,125,0.996521164,15494,0.463796861
BACT281,SNET2,Bacteroidetes,2.786111111,0.000338772,0.35892323,0.5,4,5,4,3,5.387910958,59,4,1,0.991494709,1080,0.534090909
BACT185,SNET2,Bacteria,2.027777778,0.001683877,0.493150685,0.58647343,46,4,46,22,10.20599516,110.4782609,46,24,0.99510582,10390,0.362223806
BACT22,SNET3,Flavobacteriales,2.472222222,1.33E-05,0.404494382,0.893939394,12,4,12,9,16.79889088,85.41666667,12,3,0.992989418,82,0.416666667
BACT304,SNET3,Gammaproteobacteria,2.069444444,0.001569124,0.483221477,0.772133527,53,4,53,2,17.40677805,138.8490566,53,51,0.994907407,11756,0.48211478
BACT137,SNET3,Saprospiraceae,2.541666667,7.36E-07,0.393442623,0.833333333,4,4,4,0,7.45689205,123.75,4,4,0.99265873,6,0.628172589
BACT93,SNET2,Nitrospina,2.911111111,4.43E-05,0.34351145,0.694444444,9,5,9,9,3.850229,27,9,0,0.990899471,110,0.38028169
BACT168,SNET3,Bacteria,2.083333333,0.00075402,0.48,0.725359911,43,4,43,8,19.01251842,118.1162791,43,35,0.99484127,5254,0.407297514
BACT3459,SNET3,Rhodobacteraceae,1.827777778,0.005603609,0.547112462,0.648191275,114,4,114,11,22.74933221,133.8157895,114,103,0.996058201,44568,0.433060807
BACT220,SNET3,Bacteria,1.838888889,0.007998964,0.543806647,0.670820353,108,4,108,20,33.8016848,127.8425926,108,88,0.996005291,65316,0.409751899
BACT260,SNET1,Desulfobacterales,1.847222222,0.000383735,0.541353383,0.850726376,123,4,123,28,44.26286436,147.3252033,123,95,0.995965608,6556,0.499407469
BACT148,SNET3,Flavobacteriaceae,1.969444444,0.000952115,0.507757405,0.722162162,75,4,75,11,25.66647909,132.1866667,75,64,0.995383598,8478,0.443579418
BACT233,SNET1,Alphaproteobacteria,1.7,0.001347922,0.588235294,0.727637658,163,4,163,34,49.75853362,143.196319,163,129,0.996666667,19198,0.467961827
BACT160,SNET3,Gammaproteobacteria,1.975,0.003739291,0.506329114,0.661977835,69,4,69,10,23.38106937,124.5652174,69,59,0.995357143,24020,0.408410549
BACT80,SNET3,Flavobacteriaceae,1.836111111,0.004363218,0.544629349,0.65467352,103,4,103,13,27.92890013,132.6601942,103,90,0.996018519,30396,0.417170422
BACT132,SNET3,Alphaproteobacteria,1.713888889,0.004344542,0.583468395,0.652621634,146,3,146,16,37.84472332,137.109589,146,130,0.996600529,38360,0.432522363
BACT139,SNET1,OM190,2.897222222,2.68E-06,0.345158198,0.666666667,3,4,3,1,3.420760877,28.66666667,3,2,0.990965608,16,0.403755869
BACT2257,SNET1,SAR11,2.194444444,0.007016938,0.455696203,0.410752688,31,4,31,10,13.34495509,61.67741935,31,21,0.994312169,34556,0.231869998
BACT124,SNET3,NS9_MG,2.386111111,0.000231085,0.419091967,0.464285714,8,4,8,4,10.45702133,67.375,8,4,0.993399471,974,0.30078125
BACT46,SNET3,Tateyamaria,2.438888889,8.99E-05,0.410022779,0.527777778,9,4,9,6,9.375032353,75.66666667,9,3,0.993148148,384,0.353582555
BACT122,SNET2,Verrucomicrobiae,2.5,0.000299958,0.4,0.454545455,11,4,11,5,6.467231286,42.54545455,11,6,0.992857143,780,0.2275158
BACT1759,SNET1,SUP05,1.708333333,0.001465152,0.585365854,0.740846251,155,3,155,38,46.11337217,143.3806452,155,117,0.996626984,19896,0.46251821
BACT32,SNET1,Bacteria,1.963888889,7.67E-05,0.509193777,0.93959596,100,4,100,35,49.74617683,150.26,100,65,0.995410053,1354,0.536642857
BACT302,SNET1,Bacteria,1.761111111,0.0025885,0.567823344,0.728445996,138,3,138,36,32.44721656,139.8550725,138,102,0.996375661,22738,0.454074911
BACT250,SNET1,Nitrospina,1.691666667,0.004327898,0.591133005,0.64829332,157,4,157,28,31.40604551,135.343949,157,129,0.996706349,36088,0.42966333
BACT142,SNET1,Marinimicrobia,1.594444444,0.006366434,0.6271777,0.596635491,179,3,179,27,39.4948045,130.5921788,179,152,0.997169312,53676,0.399364461
BACT115,SNET1,Bacteria,1.652777778,0.001848007,0.605042017,0.699153112,173,4,173,35,48.51734335,140.8208092,173,138,0.996891534,23324,0.449906739
BACT129,SNET1,Bacteria,2.722222222,0.000355511,0.367346939,0.535714286,8,4,8,2,5.776230267,26,8,6,0.991798942,1426,0.232142857
BACT179,SNET1,Alphaproteobacteria,3.038888889,0,0.329067642,1,4,5,4,1,2.962338419,15.5,4,3,0.990291005,0,0.407894737
BACT113,SNET2,Bacteria,2.619444444,0.002162267,0.381760339,0.363636364,12,4,12,4,6.629580181,21.75,12,8,0.99228836,4196,0.167958656
BACT1952,SNET1,SUP05,2.611111111,0.000796036,0.382978723,0.614035088,19,4,19,16,8.8039172,23.57894737,19,3,0.992328042,2580,0.172109105
BACT4344,SNET1,SAR11,2.619444444,0.000437418,0.381760339,0.704761905,15,4,15,9,8.427534425,29.26666667,15,6,0.99228836,2212,0.210551559
BACT3415,SNET1,SUP05,2.813888889,0.00117041,0.355380059,0.659340659,14,4,14,9,5.981702996,18.42857143,14,5,0.991362434,1732,0.245714286
BACT4625,SNET1,SUP05,2.608333333,0.001260681,0.383386581,0.584795322,19,4,19,12,8.794192421,22.42105263,19,7,0.99234127,2994,0.164860681
BACT286,SNET1,PB19,2.727777778,0.000149489,0.366598778,0.846153846,14,4,14,13,6.342801463,25.21428571,14,1,0.991772487,714,0.23564753
BACT1103,SNET1,SUP05,2.619444444,0.000781771,0.381760339,0.602339181,19,4,19,10,10.20551267,22.52631579,19,9,0.99228836,2368,0.170653907
BACT327,SNET3,Bacteria,1.997222222,0.00077538,0.50069541,0.692273924,68,4,68,7,23.74842978,127.8382353,68,61,0.995251323,8422,0.43188593
BACT328,SNET1,Alphaproteobacteria,1.644444444,0.002413194,0.608108108,0.6863711,175,4,175,47,42.24768134,139.8228571,175,128,0.996931217,27268,0.445295723
BACT48,SNET1,Proteobacteria,1.863888889,0.000253237,0.536512668,0.88697318,117,4,117,34,49.53833034,150.5811966,117,83,0.995886243,4338,0.512180941
BACT127,SNET2,Bacteria,2.030555556,0.002091659,0.49247606,0.606734007,55,4,55,22,16.47182781,99.32727273,55,33,0.995092593,16582,0.335565111
BACT276,SNET1,Alphaproteobacteria,1.861111111,0.000914986,0.537313433,0.780285664,107,4,107,23,26.93387647,145.588785,107,84,0.995899471,11474,0.47423057
BACT42,SNET3,Roseibacillus,1.713888889,0.01083775,0.583468395,0.664000735,148,4,148,42,35.03955721,136.1081081,148,106,0.996600529,64006,0.430721861
BACT91,SNET2,Betaproteobacteriales,1.830555556,0.012802582,0.546282246,0.581845919,115,3,115,44,13.41957768,123,115,71,0.996044974,75250,0.403250178
BACT200,SNET3,Flavobacteriaceae,1.705555556,0.005417562,0.586319218,0.648372863,148,4,148,31,35.49784791,134.527027,148,117,0.996640212,51056,0.420396959
BACT998,SNET3,SAR11,1.8,0.005214878,0.555555556,0.695041322,121,3,121,22,30.28778892,140.6942149,121,99,0.996190476,31782,0.452392974
BACT251,SNET1,Bacteroidales,1.822222222,0.000419356,0.548780488,0.837270341,127,4,127,46,42.93508983,147.8188976,127,81,0.996084656,7242,0.496036569
BACT77,SNET1,Desulfobacteraceae,1.947222222,8.99E-05,0.513552068,0.936363636,100,4,100,39,46.70434171,149.29,100,61,0.995489418,1636,0.527526502
BACT274,SNET3,OM182_clade,1.708333333,0.003171489,0.585365854,0.681623932,144,3,144,33,34.57388076,140.2013889,144,111,0.996626984,27792,0.436764451
BACT87,SNET1,Bacteroidales,1.877777778,0.000165376,0.532544379,0.907079646,113,4,113,55,47.55438565,150.920354,113,58,0.995820106,2904,0.516850527
BACT181,SNET3,Alphaproteobacteria,1.761111111,0.002335328,0.567823344,0.682302772,134,3,134,31,39.04948599,137.5746269,134,103,0.996375661,24334,0.440944317
BACT2746,SNET1,Ectothiorhodospiraceae,1.666666667,0.001721178,0.6,0.72415083,164,3,164,48,47.91607777,142.6707317,164,116,0.996825397,22832,0.451489657
BACT41,SNET1,Desulfobacteraceae,1.861111111,0.000248204,0.537313433,0.890855457,114,4,114,55,49.37480577,149.8070175,114,59,0.995899471,4294,0.504400732
BACT171,SNET1,Bacteria,1.838888889,0.002584287,0.543806647,0.799936789,113,3,113,43,28.30522137,143.8761062,113,70,0.996005291,19864,0.471724938
BACT177,SNET1,Bacteria,1.65,0.001823011,0.606060606,0.698292472,174,4,174,51,51.09136587,141.0402299,174,123,0.996904762,25614,0.450607763
BACT21,SNET1,Gammaproteobacteria,1.788888889,0.004144321,0.559006211,0.792207792,133,4,133,77,45.68281407,144.6390977,133,56,0.996243386,27210,0.47422655
BACT173,SNET1,Alphaproteobacteria,1.616666667,0.002890408,0.618556701,0.667817463,179,4,179,44,40.50988813,138.6312849,179,135,0.997063492,38184,0.433222765
BACT110,SNET3,MB11C04_MG,1.666666667,0.007470491,0.6,0.640576497,165,3,165,38,27.3611041,134.6121212,165,127,0.996825397,67882,0.427340067
BACT11,SNET1,Gammaproteobacteria,2.338888889,0.006249457,0.427553444,0.298245614,19,5,19,13,2.89836946,41.31578947,19,6,0.993624339,17118,0.17581187
BACT265,SNET3,Betaproteobacteriales,1.811111111,0.001482381,0.552147239,0.719698049,119,4,119,47,39.08100084,140,119,72,0.996137566,19562,0.447284345
BACT224,SNET3,Alphaproteobacteria,1.922222222,0.000783461,0.520231214,0.759448417,89,4,89,33,25.34554389,140.9325843,89,56,0.995608466,8772,0.462074047
BACT298,SNET3,SAR11,1.677777778,0.006295742,0.59602649,0.648590604,150,3,150,57,32.65116552,136.6533333,150,93,0.996772487,50086,0.419182004
BACT70,SNET3,Cytophagales,1.563888889,0.004937663,0.639431616,0.611736717,195,3,195,91,47.2636807,133.2615385,195,104,0.997314815,53382,0.41385571
BACT299,SNET2,Alphaproteobacteria,1.738888889,0.002515157,0.575079872,0.674972914,143,3,143,51,15.02768105,138.6153846,143,92,0.996481481,26086,0.445708632
BACT57,SNET3,SAR86_clade,1.522222222,0.009184038,0.656934307,0.551469583,210,3,210,77,42.6618908,127.1809524,210,133,0.997513228,75804,0.394971902
BACT4309,SNET3,Amylibacter,1.758333333,0.001729509,0.568720379,0.724385591,134,4,134,73,28.57869828,143.5895522,134,61,0.996388889,16480,0.457291568
BACT162,SNET3,OM190,2.252777778,0.001177938,0.443896424,0.561403509,19,4,19,7,11.66752882,87.89473684,19,12,0.994034392,5468,0.335476095
BACT261,SNET2,Bacteria,1.977777778,0.003056916,0.505617978,0.655438596,76,4,76,16,12.4717056,125.4473684,76,60,0.995343915,26084,0.419556416
BACT206,SNET1,Bacteria,1.675,0.001557018,0.597014925,0.715976331,169,4,169,59,50.19787328,142.3727811,169,110,0.996785714,22036,0.460753337
BACT3229,SNET1,Gammaproteobacteria,1.952777778,0.012324809,0.512091038,0.657276995,72,4,72,48,21.65969914,125.9166667,72,24,0.995462963,71160,0.408820346
BACT336,SNET1,Nitrospina,1.95,0.000915507,0.512820513,0.758052434,90,4,90,28,20.26176034,139.4,90,62,0.99547619,9318,0.475767918
BACT146,SNET3,SAR11,1.736111111,0.001354085,0.576,0.742258367,139,4,139,57,35.32824412,145.7697842,139,82,0.996494709,16374,0.45984159
BACT86,SNET3,MB11C04_MG,1.941666667,0.013178263,0.515021459,0.610084034,85,4,85,20,25.12100656,117.7647059,85,65,0.995515873,93990,0.387383901
BACT68,SNET1,Marinimicrobia,1.791666667,0.003969689,0.558139535,0.738681102,128,4,128,46,26.8781902,143.5390625,128,82,0.996230159,29570,0.461540394
BACT121,SNET1,Bacteria,1.8,0.000413814,0.555555556,0.838990018,131,4,131,56,45.9878073,149.8931298,131,75,0.996190476,7132,0.496334867
BACT49,SNET3,Verrucomicrobiae,2.263888889,0.000329617,0.441717791,0.649350649,22,4,22,14,18.6473985,93.81818182,22,8,0.993981481,1966,0.366477273
BACT66,SNET3,Flavobacteriaceae,1.866666667,0.001526501,0.535714286,0.725656566,100,4,100,35,34.0094974,137.05,100,65,0.995873016,14046,0.440675241
BACT1845,SNET3,SAR11,1.897222222,0.002016699,0.527086384,0.754090354,91,4,91,29,22.23139895,143.010989,91,62,0.995727513,17790,0.461325771
BACT37,SNET3,SAR11,1.597222222,0.007048726,0.626086957,0.622560349,177,3,177,69,33.87055463,134.4519774,177,108,0.997156085,55388,0.409914565
BACT3201,SNET1,SUP05,1.605555556,0.005939364,0.62283737,0.645385878,175,3,175,64,41.42604311,135.6971429,175,111,0.997116402,47202,0.414975972
BACT133,SNET3,Pseudohongiella,1.666666667,0.003832499,0.6,0.653880266,165,3,165,75,34.64869018,137.6424242,165,90,0.996825397,34392,0.436960077
BACT357,SNET1,Alphaproteobacteria,1.705555556,0.002160473,0.586319218,0.697043933,157,4,157,55,30.69706577,140.7133758,157,102,0.996640212,22068,0.453914115
BACT108,SNET3,Ascidiaceihabitans,1.683333333,0.003013495,0.594059406,0.682200153,154,4,154,38,36.9940837,139.7727273,154,116,0.996746032,32928,0.435429057
BACT236,SNET2,Bacteria,2.602777778,0.003070088,0.384204909,0.314285714,15,4,15,4,4.4832755,21.8,15,11,0.992367725,4354,0.157487923
BACT257,SNET2,PB19,2.497222222,0.000898611,0.400444939,0.516666667,16,4,16,2,8.936150088,35.375,16,14,0.99287037,2852,0.196527778
BACT321,SNET2,Pseudoalteromonas,2.705555556,0.002629603,0.369609856,0.340659341,14,4,14,7,4.405219298,18.5,14,7,0.991878307,11108,0.172897196
BACT254,SNET2,Proteobacteria,2.163888889,0.002941673,0.462130937,0.510121457,39,4,39,8,11.31822864,68.79487179,39,31,0.994457672,18652,0.254795821
BACT264,SNET3,Rhodobacteraceae,2.075,0.011913497,0.481927711,0.403903904,37,4,37,12,12.1929853,85,37,25,0.994880952,48760,0.284280936
BACT180,SNET2,MB11C04_MG,2.208333333,0.002185285,0.452830189,0.51954023,30,4,30,6,10.47594442,76.26666667,30,24,0.994246032,16694,0.288888889
BACT221,SNET2,NS9_MG,2.211111111,0.003079192,0.452261307,0.395256917,23,4,23,13,7.029784743,52.65217391,23,10,0.994232804,11464,0.197940503
BACT475,SNET3,NS9_MG,2.094444444,0.005838677,0.477453581,0.521021021,37,4,37,2,15.21691183,109.6756757,37,35,0.99478836,33704,0.374319712
BACT99,SNET2,Deltaproteobacteria,2.241666667,0.002997569,0.446096654,0.417989418,28,4,28,16,8.94690541,50.10714286,28,12,0.994087302,14894,0.195731027
BACT242,SNET2,Puniceicoccaceae,2.022222222,0.009497205,0.494505495,0.462337662,56,4,56,10,14.38853181,91.66071429,56,46,0.995132275,54934,0.305535714
BACT107,SNET2,Pseudoalteromonas,2.694444444,0.002271509,0.371134021,0.487179487,13,5,13,1,6.385638765,26.07692308,13,12,0.991931217,14580,0.219133807
BACT164,SNET3,Flavobacteriaceae,2.077777778,0.003556811,0.481283422,0.690274841,44,4,44,10,15.80279468,118.7272727,44,34,0.994867725,19838,0.409404389
BACT60,SNET1,Pseudohongiella,2.305555556,0.00346481,0.43373494,0.383333333,25,4,25,19,10.89542185,42.8,25,6,0.993783069,11468,0.18212766
BACT416,SNET3,SAR11,2.205555556,0.000273939,0.453400504,0.694252874,30,4,30,18,15.37507829,105.7,30,12,0.994259259,2154,0.397368421
BACT123,SNET3,Bacteria,1.969444444,0.002103134,0.507757405,0.637130802,79,4,79,26,23.81176041,127.5189873,79,53,0.995383598,16026,0.43080739
BACT396,SNET3,SAR11,1.997222222,0.00088805,0.50069541,0.695298038,74,4,74,23,22.84127882,135.3783784,74,51,0.995251323,6420,0.462042247
BACT106,SNET3,Pseudohongiella,2.063888889,0.000706466,0.484522207,0.748911466,53,4,53,12,20.39988856,129.8113208,53,41,0.994933862,4622,0.446087013
BACT126,SNET1,Bacteria,1.772222222,0.000796168,0.564263323,0.781740086,142,4,142,63,47.0485461,146.0422535,142,79,0.996322751,11084,0.485190211
BACT2857,SNET3,SUP05,1.708333333,0.002573744,0.585365854,0.694521052,148,3,148,65,30.21536383,141.6891892,148,83,0.996626984,27474,0.446969051
BACT208,SNET2,Proteobacteria,2.336111111,0.017993478,0.428061831,0.34502924,19,4,19,18,5.708221124,39.89473684,19,1,0.993637566,72548,0.173982992
BACT182,SNET2,Nitrospina,2.136111111,0.001274282,0.468140442,0.610084034,35,4,35,15,10.62414674,78.91428571,35,20,0.994589947,7318,0.283864337
BACT222,SNET3,NS9_MG,2.127777778,0.002586324,0.46997389,0.460960961,37,4,37,22,13.22977582,77.62162162,37,15,0.99462963,13346,0.275253977
BACT135,SNET1,Marinimicrobia,1.658333333,0.002853077,0.603015075,0.682445759,169,3,169,61,43.51828012,138.8106509,169,108,0.996865079,32670,0.442072137
BACT319,SNET3,SAR324_clade,1.880555556,0.006561977,0.531757755,0.561548065,90,4,90,57,19.72230621,120.1888889,90,33,0.995806878,49808,0.380344585
BACT72,SNET3,Nitrospina,1.872222222,0.003749267,0.534124629,0.612411955,103,4,103,63,25.47685561,128.1553398,103,40,0.995846561,33868,0.421563618
BACT443,SNET3,MB11C04_MG,1.744444444,0.010081051,0.573248408,0.568919574,129,3,129,71,28.12867434,125.5348837,129,58,0.996455026,80158,0.388652891
BACT661,SNET1,SUP05,1.758333333,0.001006419,0.568720379,0.762068966,145,4,145,107,43.84963577,144.5172414,145,38,0.996388889,12540,0.473827021
BACT192,SNET1,Gammaproteobacteria,1.986111111,0.001765894,0.503496503,0.711792702,62,4,62,55,15.96727143,128.8225806,62,7,0.995304233,10694,0.420988826
BACT16,SNET3,Ascidiaceihabitans,1.680555556,0.01294038,0.595041322,0.626524275,163,3,163,79,29.76509313,132.5214724,163,84,0.996759259,87108,0.424748309
BACT118,SNET1,Gammaproteobacteria,1.677777778,0.001546659,0.59602649,0.726829268,165,3,165,85,52.58593767,143.4060606,165,80,0.996772487,22570,0.461112735
BACT1970,SNET2,Gammaproteobacteria,1.955555556,0.003055083,0.511363636,0.590432099,81,4,81,28,14.69659349,114.6419753,81,53,0.995449735,28762,0.384704615
BACT235,SNET2,OM190,1.844444444,0.003925147,0.542168675,0.619516264,110,4,110,52,14.34963057,128.7909091,110,58,0.995978836,41056,0.419514362
BACT218,SNET3,NS9_MG,2.069444444,0.001733527,0.483221477,0.750750751,37,4,37,15,18.39920581,122.7297297,37,22,0.994907407,9964,0.406389834
BACT318,SNET2,Bacteria,2.547222222,0.000131171,0.392584515,0.607142857,8,4,8,6,4.212837932,51.5,8,2,0.992632275,382,0.290960452
BACT230,SNET3,Proteobacteria,2.077777778,0.002174316,0.481283422,0.578168363,47,4,47,25,17.75515097,102.9574468,47,22,0.994867725,13612,0.359991073
BACT292,SNET2,NS4_MG,2.013888889,0.001436246,0.496551724,0.633333333,60,4,60,16,15.3853699,107.9833333,60,44,0.995171958,15348,0.364808559
BACT153,SNET2,Bacteria,2.202777778,0.001974807,0.453972257,0.447293447,27,4,27,19,6.207984823,62.7037037,27,8,0.994272487,5950,0.237373737
BACT212,SNET3,Nitrospina,1.95,0.004099965,0.512820513,0.592664719,79,4,79,21,23.02354743,116.6455696,79,58,0.99547619,40848,0.388818565
BACT203,SNET2,Alphaproteobacteria,2.230555556,0.002236207,0.448318804,0.560606061,33,4,33,14,10.5077941,64,33,19,0.994140212,15346,0.252964427
BACT229,SNET3,NS9_MG,1.605555556,0.005992145,0.62283737,0.638545039,178,3,178,61,41.79248295,136.2865169,178,117,0.997116402,48362,0.420637398
BACT1722,SNET1,SUP05,1.558333333,0.004624312,0.64171123,0.619455459,195,3,195,71,46.62732027,134.0358974,195,124,0.99734127,51024,0.413691041
BACT105,SNET3,Flavobacteriales,1.994444444,0.003325736,0.501392758,0.591587517,67,4,67,17,16.07914444,118.5223881,67,50,0.99526455,25252,0.400413473
BACT176,SNET3,Bacteroidia,2.138888889,0.001371024,0.467532468,0.592063492,36,4,36,26,14.31011594,101.5555556,36,10,0.99457672,10324,0.357589984
BACT1564,SNET1,SUP05,1.705555556,0.001663476,0.586319218,0.726593668,154,4,154,123,41.65087003,143.3116883,154,31,0.996640212,20254,0.454957741
BACT1504,SNET1,SUP05,1.655555556,0.00452275,0.604026846,0.675742377,159,4,159,134,38.74905214,139.0062893,159,25,0.996878307,40624,0.425095686
BACT188,SNET3,Gammaproteobacteria,2.1,0.000993816,0.476190476,0.7160037,47,4,47,47,16.01328,125.5319149,47,0,0.994761905,7806,0.443575671
BACT270,SNET3,SAR86_clade,1.638888889,0.00316171,0.610169492,0.661819283,163,3,163,128,33.64036207,138.3067485,163,35,0.996957672,32960,0.422956417
BACT2047,SNET1,Gammaproteobacteria,1.761111111,0.00094806,0.567823344,0.763597514,144,4,144,103,42.81120493,145.1597222,144,41,0.996375661,12190,0.474378177
BACT287,SNET2,Bacteria,2.108333333,0.000280682,0.4743083,0.725359911,43,4,43,28,8.113376826,127.2790698,43,15,0.994722222,2028,0.445031712
BACT204,SNET1,Alphaproteobacteria,1.769444444,0.003964592,0.565149137,0.674920635,126,3,126,78,30.36037416,134.984127,126,48,0.996335979,40204,0.425817435
BACT97,SNET1,Alphaproteobacteria,2.436111111,0.003435133,0.410490308,0.60952381,15,4,15,7,8.155682008,74.8,15,8,0.993161376,32164,0.368472906
BACT154,SNET2,Alphaproteobacteria,2.5,0.002341581,0.4,0.358974359,13,4,13,13,3.784278,29.69230769,13,0,0.992857143,6084,0.164045899
BACT114,SNET1,Alphaproteobacteria,2.188888889,0.006992737,0.456852792,0.455665025,29,4,29,21,10.03986378,73.79310345,29,8,0.994338624,41448,0.273307791
BACT397,SNET3,SAR11,1.972222222,0.000437343,0.507042254,0.791948281,83,4,83,54,30.11164565,142.746988,83,29,0.99537037,4404,0.488859548
BACT211,SNET1,Marinimicrobia,1.738888889,0.004950035,0.575079872,0.657142857,140,4,140,106,27.39590293,132.85,140,34,0.996481481,45004,0.420411392
BACT149,SNET3,SAR11,1.733333333,0.003772555,0.576923077,0.644860684,147,4,147,110,38.4754942,133.1496599,147,37,0.996507937,31098,0.429515032
BACT1765,SNET1,Proteobacteria,1.633333333,0.003459954,0.612244898,0.674338071,167,4,167,131,39.08618826,139.1377246,167,36,0.996984127,34778,0.425497629
BACT1529,SNET1,SUP05,1.575,0.008624832,0.634920635,0.608059758,179,3,179,98,36.95028612,132.8379888,179,81,0.997261905,67222,0.397718529
BACT36,SNET1,Marinimicrobia,2.191666667,0.004869456,0.456273764,0.36,26,4,26,19,12.52494096,55,26,7,0.994325397,15556,0.202205882
BACT358,SNET3,SAR11,1.705555556,0.003767379,0.586319218,0.663794667,149,4,149,88,40.56802982,135.7785235,149,61,0.996640212,32764,0.426976489
BACT190,SNET3,NS9_MG,1.980555556,0.000502693,0.504908836,0.760576923,65,4,65,25,24.61107533,145.1846154,65,40,0.995330688,4926,0.479157146
BACT474,SNET1,Bacteria,1.847222222,0.000571698,0.541353383,0.807749627,122,4,122,76,28.42631667,147.3114754,122,46,0.995965608,7420,0.499360934
BACT244,SNET3,SAR92_clade,1.911111111,0.001656494,0.523255814,0.726984127,91,4,91,59,30.61821917,131.3076923,91,32,0.995661376,17958,0.431933198
BACT189,SNET1,Magnetospiraceae,2.463888889,0.005995887,0.405862458,0.361111111,9,5,9,6,5.170830308,62.11111111,9,3,0.993029101,34500,0.306380638
BACT79,SNET3,Flavobacterium,2.047222222,0.001653145,0.488466757,0.724858757,60,4,60,30,20.5273122,131.0333333,60,30,0.995013228,13654,0.45183908
BACT43,SNET3,SAR86_clade,1.638888889,0.003891184,0.610169492,0.643068455,171,4,171,144,42.57792046,135.2573099,171,27,0.996957672,37794,0.421362336
BACT111,SNET1,Nitrospina,2.141666667,0.001162808,0.46692607,0.702651515,33,4,33,23,16.93971439,110.969697,33,10,0.994563492,6104,0.389367358
BACT58,SNET1,Sva0996_MG,1.975,0.010967774,0.506329114,0.635576923,65,4,65,53,17.17656586,117.2153846,65,12,0.995357143,45350,0.383056812
BACT38,SNET1,Gammaproteobacteria,1.605555556,0.010413541,0.62283737,0.582470762,173,4,173,88,38.43455431,129.150289,173,85,0.997116402,70152,0.391364512
BACT18,SNET1,Bacteroidales,1.675,0.004184019,0.597014925,0.641618963,158,4,158,125,35.99641875,134.7531646,158,33,0.996785714,37270,0.421103639
BACT29,SNET1,Marinimicrobia,1.569444444,0.006476826,0.637168142,0.610520198,186,3,186,125,43.42953727,132.655914,186,61,0.99728836,58054,0.403209465
BACT219,SNET1,Alphaproteobacteria,1.725,0.002002599,0.579710145,0.691164462,157,4,157,85,34.19245268,138.9681529,157,72,0.996547619,22298,0.455633288
BACT98,SNET1,Alphaproteobacteria,2.347222222,0.006075649,0.426035503,0.558823529,17,4,17,14,7.997943164,74.05882353,17,3,0.993584656,42694,0.324561404
BACT59,SNET3,Rhodobacteraceae,1.852777778,0.00503184,0.539730135,0.715686275,120,4,120,98,31.97999861,139.8416667,120,22,0.995939153,32978,0.466138889
BACT155,SNET3,SAR11,1.963888889,0.000742336,0.509193777,0.778542742,84,4,84,47,31.83279207,140.7380952,84,37,0.995410053,5714,0.478701004
BACT50,SNET3,Bacteria,1.686111111,0.003534029,0.593080725,0.656452522,169,4,169,108,40.24609105,135.6745562,169,61,0.996732804,32024,0.444834611
BACT88,SNET3,Alphaproteobacteria,1.669444444,0.004301222,0.599001664,0.638447972,162,3,162,134,39.05374701,135.1666667,162,28,0.996812169,38576,0.42639327
BACT128,SNET3,Pseudohongiella,2.147222222,0.000964175,0.465717982,0.758585859,45,4,45,24,19.24101709,133.6888889,45,21,0.994537037,7618,0.496984717
BACT166,SNET3,Bacteria,2.180555556,0.000623283,0.458598726,0.698412698,28,4,28,5,21.27695551,114.9642857,28,23,0.994378307,3412,0.418051948
BACT28,SNET1,Alphaproteobacteria,1.658333333,0.008631333,0.603015075,0.63373494,166,3,166,73,34.87007437,133.8674699,166,93,0.996865079,68042,0.422294858
BACT40,SNET1,Alphaproteobacteria,1.936111111,0.004427154,0.516499283,0.726417867,83,4,83,57,23.25778196,133.4096386,83,26,0.995542328,43886,0.440295837
BACT430,SNET3,SAR11,2.280555556,0.000675754,0.438489647,0.824175824,14,4,14,12,12.52306839,115.7142857,14,2,0.993902116,2570,0.453501401
BACT104,SNET3,NS9_MG,1.819444444,0.003301205,0.549618321,0.691612903,125,4,125,61,35.80290033,136.512,125,64,0.996097884,25944,0.450534653
BACT55,SNET3,Rhodobacteraceae,1.605555556,0.006090174,0.62283737,0.599508901,181,4,181,89,48.41064047,131.6464088,181,92,0.997116402,52766,0.408839779
BACT636,SNET3,Amylibacter,1.572222222,0.006686358,0.636042403,0.60523531,190,4,190,124,47.60855346,131.7263158,190,66,0.997275132,56274,0.405311741
BACT199,SNET3,Bacteria,2.027777778,0.004230628,0.493150685,0.655913978,63,4,63,22,21.32298735,125.6190476,63,41,0.99510582,29968,0.427275672
BACT906,SNET3,SAR11,1.766666667,0.00440507,0.566037736,0.690326147,135,4,135,57,33.43250419,139.4888889,135,78,0.996349206,35920,0.448517328
BACT73,SNET3,NS9_MG,1.616666667,0.015126382,0.618556701,0.646590589,169,3,169,87,35.54584657,136.8579882,169,82,0.997063492,79530,0.415981727
BACT213,SNET3,OM182_clade,1.95,0.003129254,0.512820513,0.682895164,79,4,79,61,25.60955178,127.5822785,79,18,0.99547619,27798,0.42386139
BACT102,SNET1,Nitrospina,1.897222222,0.005635688,0.527086384,0.681970885,95,4,95,27,22.40538823,128.0947368,95,68,0.995727513,44676,0.419982744
BACT134,SNET2,NS9_MG,2.211111111,0.003292784,0.452261307,0.488413547,34,4,34,27,12.80767166,57.70588235,34,7,0.994232804,15516,0.225413603
BACT33,SNET3,SAR11,1.85,0.002110112,0.540540541,0.65676359,113,4,113,84,34.52264616,134.0265487,113,29,0.995952381,16444,0.437995257
BACT53,SNET2,Arctic97B-4_MG,1.866666667,0.007444217,0.535714286,0.612943044,107,4,107,74,18.21105154,123.6542056,107,33,0.995873016,55764,0.405423625
BACT51,SNET2,Proteobacteria,1.905555556,0.004791839,0.524781341,0.678098043,98,4,98,76,14.81913952,127.8265306,98,22,0.995687831,33816,0.420482009
BACT17,SNET2,NS5_MG,1.811111111,0.004784794,0.552147239,0.602201941,118,3,118,104,18.46134284,128,118,14,0.996137566,45902,0.412903226
BACT44,SNET3,Planctomycetes,1.744444444,0.010809924,0.573248408,0.597059135,138,3,138,99,27.76550728,130.7826087,138,39,0.996455026,79440,0.416505123
BACT12,SNET3,Planktomarina,1.65,0.003448311,0.606060606,0.672513454,174,4,174,134,41.61686638,137.9252874,174,40,0.996904762,33412,0.44065587
BACT103,SNET2,SAR86_clade,2.036111111,0.002241107,0.491132333,0.677948176,62,4,62,49,16.49490816,120.1612903,62,13,0.995066138,18402,0.411511268
BACT30,SNET1,Marinimicrobia,1.563888889,0.004604274,0.639431616,0.613111287,195,4,195,132,44.48629474,132.8666667,195,63,0.997314815,48848,0.411351909
BACT47,SNET2,UBA10353_MG,2.202777778,0.003139431,0.453972257,0.612903226,32,4,32,29,13.29596038,79.65625,32,3,0.994272487,11888,0.30172822
BACT25,SNET2,SAR11,2.008333333,0.004569498,0.497925311,0.614486922,71,4,71,50,16.74898895,109.2394366,71,21,0.995198413,31202,0.37799113
BACT14,SNET3,SAR11,1.638888889,0.006949552,0.610169492,0.603844603,173,4,173,112,34.10933686,132.3410405,173,61,0.996957672,51498,0.414862196
BACT52,SNET3,Alphaproteobacteria,1.566666667,0.004770392,0.638297872,0.606683417,200,3,200,147,46.03704528,132.96,200,53,0.997301587,54970,0.420759494
BACT63,SNET2,Proteobacteria,1.672222222,0.003621561,0.598006645,0.643348795,164,4,164,126,15.08748976,134.9390244,164,38,0.996798942,33912,0.428377855
BACT225,SNET3,SAR92_clade,1.747222222,0.002388899,0.572337043,0.694891368,131,4,131,77,32.45136191,139.8549618,131,54,0.996441799,20448,0.43433218
BACT1253,SNET1,Gammaproteobacteria,1.655555556,0.002541056,0.604026846,0.708360716,166,3,166,122,45.02578635,141.313253,166,44,0.996878307,29846,0.444381299
BACT62,SNET2,Planctomycetes,2.033333333,0.001310455,0.491803279,0.580943571,47,3,47,44,12.05595114,103.2978723,47,3,0.995079365,9420,0.3431823
BACT45,SNET3,Flavobacteriales,1.575,0.006114579,0.634920635,0.593180016,195,4,195,108,38.32007932,130.6769231,195,87,0.997261905,50130,0.409645527
BACT89,SNET3,Marinimicrobia,1.641666667,0.004555003,0.609137056,0.633622625,164,3,164,100,42.80800648,134.3597561,164,64,0.996944444,42668,0.413414634
BACT131,SNET2,Proteobacteria,1.855555556,0.002925168,0.538922156,0.651709758,110,4,110,76,15.95501683,131.5909091,110,34,0.995925926,24510,0.432864833
BACT20,SNET2,Gammaproteobacteria,2.469444444,0.000902117,0.404949381,0.669117647,17,4,17,13,12.07188064,57.70588235,17,4,0.993002646,2678,0.308587606
BACT761,SNET3,SAR11,1.727777778,0.00282008,0.578778135,0.643221477,150,4,150,77,39.21300773,135.14,150,73,0.996534392,28412,0.435935484
BACT109,SNET2,Nitrospina,2.369444444,0.00307879,0.422039859,0.428571429,22,4,22,15,9.667226519,39.04545455,22,7,0.993478836,6946,0.188625384
BACT27,SNET3,Rhizobiales,1.55,0.007387659,0.64516129,0.592160804,200,3,200,118,43.37566115,131.115,200,82,0.997380952,64330,0.407189441
BACT74,SNET2,Bacteroidia,2.041666667,0.001353859,0.489795918,0.642230576,57,4,57,50,15.27324571,105.8421053,57,7,0.995039683,12496,0.362472963
BACT64,SNET2,UBA10353_MG,2.008333333,0.00699744,0.497925311,0.583829365,64,4,64,34,18.37100174,102.125,64,30,0.995198413,45314,0.346186441
BACT67,SNET3,Alphaproteobacteria,1.6,0.005127576,0.625,0.610752688,186,4,186,143,46.44983606,132.9516129,186,43,0.997142857,48174,0.416776216
BACT84,SNET1,Bacteria,1.677777778,0.001715159,0.59602649,0.716703622,165,4,165,106,45.27905543,141.9939394,165,59,0.996772487,22212,0.453654758
BACT119,SNET3,SAR11,1.586111111,0.005596224,0.630472855,0.602709413,193,4,193,105,42.21939452,131.7668394,193,88,0.997208995,51782,0.415668263
BACT19,SNET3,Rhodobacteraceae,1.616666667,0.003728617,0.618556701,0.651994414,182,4,182,110,42.49368206,136.9230769,182,72,0.997063492,42134,0.431933997
BACT2030,SNET3,SAR11,1.758333333,0.003909572,0.568720379,0.682140047,124,3,124,74,23.74455574,138.8548387,124,50,0.996388889,32440,0.429891142
BACT112,SNET3,Nitrospina,1.741666667,0.006397205,0.574162679,0.64789272,145,3,145,116,26.20129221,134.8413793,145,29,0.996468254,61910,0.437796686
BACT116,SNET2,Alphaproteobacteria,1.677777778,0.004722496,0.59602649,0.642050864,172,4,172,104,16.52635012,134.5930233,172,68,0.996772487,42740,0.438413757
BACT1131,SNET1,Gammaproteobacteria,1.663888889,0.001806556,0.601001669,0.715005476,166,3,166,114,43.35265411,142.2590361,166,52,0.996838624,23248,0.451615988
BACT161,SNET2,AEGEAN-169_MG,1.694444444,0.004325192,0.590163934,0.623121976,154,3,154,86,15.64423622,133.8896104,154,68,0.996693122,37380,0.423701299
BACT24,SNET3,NS4_MG,1.530555556,0.006851559,0.653357532,0.578819005,207,3,207,158,47.86046969,129.8647343,207,49,0.997473545,64408,0.403306628
BACT26,SNET2,Bacteria,1.905555556,0.002390916,0.524781341,0.708924103,110,4,110,82,17.97227046,130.2727273,110,28,0.995687831,19262,0.447672602
BACT101,SNET2,Verrucomicrobiae,1.813888889,0.00976859,0.551301685,0.619047619,126,4,126,73,19.44599535,127.0873016,126,53,0.996124339,75780,0.418050334
BACT3,SNET1,SUP05,1.7,0.005562866,0.588235294,0.653309683,158,4,158,140,41.62307116,135.3734177,158,18,0.996666667,43496,0.433889159
BACT4,SNET2,SAR11,1.663888889,0.009684129,0.601001669,0.633071207,167,4,167,153,18.1390972,133.4431138,167,14,0.996838624,63612,0.423628933
BACT13,SNET2,Rhodobacteraceae,1.827777778,0.006639304,0.547112462,0.58211081,119,4,119,110,17.92250644,122.210084,119,9,0.996058201,63802,0.39937936
BACT71,SNET3,NS5_MG,1.788888889,0.004735847,0.559006211,0.675789188,122,4,122,109,32.85137714,135.1229508,122,13,0.996243386,45036,0.427604275
BACT8,SNET2,Gammaproteobacteria,1.608333333,0.006387712,0.621761658,0.63640185,183,4,183,157,16.67224793,135.0765027,183,26,0.997103175,51874,0.423437313
BACT31,SNET3,Alphaproteobacteria,1.566666667,0.00601843,0.638297872,0.598096749,195,3,195,169,49.02961291,130.9179487,195,26,0.997301587,53858,0.407844077
BACT15,SNET3,SAR11,1.594444444,0.004632125,0.6271777,0.629010469,189,4,189,161,40.60754254,134.5820106,189,28,0.997169312,47402,0.42321387
BACT94,SNET3,Marinimicrobia,1.575,0.005132808,0.634920635,0.609758624,197,3,197,170,44.1108016,133.1167513,197,27,0.997261905,51026,0.421255542
BACT82,SNET3,SAR11,1.602777778,0.004506601,0.623916811,0.61475912,190,4,190,164,39.75724677,133.2421053,190,26,0.99712963,44292,0.424337915
BACT6,SNET1,Arcobacter,2.013888889,0.002578918,0.496551724,0.833024691,81,4,81,70,31.84205065,143.617284,81,11,0.995171958,17724,0.507481569
BACT644,SNET3,Alphaproteobacteria,1.644444444,0.004921078,0.608108108,0.646698113,160,4,160,147,35.26127642,136.3375,160,13,0.996931217,41820,0.413143939
BACT10,SNET3,Rhodobacteraceae,1.677777778,0.001894253,0.59602649,0.706325726,169,3,169,144,41.43458326,141.5857988,169,25,0.996772487,23630,0.461191527
BACT143,SNET3,SAR11,1.563888889,0.005378783,0.639431616,0.618880535,190,3,190,174,42.78688293,133.8736842,190,16,0.997314815,50846,0.409399646
BACT1445,SNET1,SUP05,1.638888889,0.00422631,0.610169492,0.652794778,172,4,172,164,43.43560588,136.4302326,172,8,0.996957672,41832,0.426344477
BACT2,SNET3,SAR11,1.641666667,0.002749681,0.609137056,0.664176762,179,4,179,169,37.17732605,137.9217877,179,10,0.996944444,34106,0.443478417
BACT9,SNET1,Bacteria,1.669444444,0.007918839,0.599001664,0.642645521,152,3,152,141,40.89289874,133.4276316,152,11,0.996812169,69876,0.408035571
BACT5,SNET3,Amylibacter,1.6,0.004558706,0.625,0.629233512,187,4,187,165,47.28413775,133.9625668,187,22,0.997142857,46280,0.421265933
BACT7,SNET1,Ectothiorhodospiraceae,1.688888889,0.003396203,0.592105263,0.68798405,162,4,162,150,46.06727878,138.9135802,162,12,0.996719577,33438,0.445235834
BACT1,SNET1,SUP05,1.644444444,0.007506529,0.608108108,0.622694048,170,4,170,154,43.87024532,132.8470588,170,16,0.996931217,55644,0.415147059
ARCH65,SNET1,Nitrosopumilaceae,2.905555556,2.80E-05,0.34416826,0.666666667,3,5,3,1,1.624364545,26,3,2,0.990925926,96,0.351351351
ARCH52,SNET1,Thermoplasmata,2.019444444,6.25E-05,0.495185695,0.942528736,87,4,87,82,36.50240488,145.045977,87,5,0.995145503,1026,0.525528902
ARCH51,SNET2,Nitrosopelagicus,2.208333333,0.001420538,0.452830189,0.509881423,23,4,23,20,9.365157625,84.43478261,23,3,0.994246032,8232,0.31388395
ARCH50,SNET1,Nitrosopumilaceae,2.905555556,2.80E-05,0.34416826,0.666666667,3,5,3,2,2.369111949,26,3,1,0.990925926,96,0.351351351
ARCH42,SNET1,Thermoplasmata,1.925,0.000154573,0.519480519,0.90671997,103,4,103,99,40.48751928,148.0291262,103,4,0.995595238,2952,0.512211509
ARCH4,SNET1,Nitrosopumilus,1.994444444,0.00229759,0.501392758,0.728481013,80,4,80,78,17.85827235,137.2375,80,2,0.99526455,18314,0.478179443
ARCH40,SNET1,Bathyarchaeia,1.908333333,0.000203389,0.524017467,0.890408674,110,4,110,108,41.6835441,147.7,110,2,0.995674603,3870,0.511072664
ARCH37,SNET1,Thermoplasmata,1.919444444,0.000217067,0.520984081,0.883971081,107,4,107,104,42.19519233,146.3271028,107,3,0.995621693,3892,0.508080218
ARCH7,SNET1,Marine_Group_II,2.791666667,0.000730043,0.358208955,0.357142857,8,5,8,7,11.08948607,18.875,8,1,0.991468254,1038,0.192602041
ARCH36,SNET1,Marine_Group_II,2.683333333,0.001145256,0.372670807,0.416666667,9,5,9,7,9.041973766,28.77777778,9,2,0.991984127,2088,0.213168724
ARCH2,SNET3,Nitrosopumilus,2.033333333,0.002303386,0.491803279,0.753246753,56,4,56,56,11.413308,127.4821429,56,0,0.995079365,12836,0.427792426
ARCH32,SNET2,Nitrosopelagicus,1.858333333,0.004208696,0.538116592,0.619080302,94,4,94,89,11.93521956,127.3510638,94,5,0.995912698,27170,0.397972074
ARCH1,SNET1,Nitrosopumilus,2.716666667,5.20E-05,0.36809816,0.6,5,5,5,5,10.144886,52,5,0,0.991825397,182,0.4
ARCH3,SNET1,Nitrosopumilus,1.930555556,0.002672751,0.517985612,0.780041797,88,4,88,87,24.52905734,139.4431818,88,1,0.995568783,21396,0.46173239
ARCH29,SNET2,Nitrosopelagicus,1.75,0.006220751,0.571428571,0.623840282,131,4,131,128,14.44187461,132.0916031,131,3,0.996428571,43306,0.41278626
ARCH63,SNET1,Asgardaeota,1.972222222,0.000967488,0.507042254,0.913553114,91,4,91,91,35.89796,143.8131868,91,0,0.99537037,5582,0.501091243
ARCH28,SNET1,Bathyarchaeia,2.041666667,4.25E-05,0.489795918,0.956790123,81,4,81,80,37.17053553,144.8395062,81,1,0.995039683,676,0.530547642
ARCH35,SNET2,Nitrosopelagicus,1.977777778,0.001637835,0.505617978,0.698136646,70,4,70,66,10.92321801,134.3285714,70,4,0.995343915,12758,0.441870301
ARCH16,SNET3,Marine_Group_II,2.430555556,0.000378734,0.411428571,0.654545455,11,4,11,6,8.060277554,69.72727273,11,5,0.993187831,1616,0.332034632
ARCH57,SNET2,Nitrosopelagicus,2.511111111,3.75E-05,0.398230088,0.777777778,9,5,9,9,3.514781,59.88888889,9,0,0.992804233,160,0.323723724
ARCH14,SNET2,Nitrosopelagicus,2.191666667,0.000359835,0.456273764,0.575757576,22,4,22,21,6.276278645,80.59090909,22,1,0.994325397,1942,0.288856305
ARCH24,SNET3,Marine_Group_II,2.497222222,0.000810019,0.400444939,0.522058824,17,5,17,8,11.47147912,41.94117647,17,9,0.99287037,2240,0.230446025
ARCH15,SNET3,Marine_Group_II,2.191666667,0.000591861,0.456273764,0.645502646,28,4,28,23,14.80807709,102.3214286,28,5,0.994325397,9548,0.374803768
ARCH8,SNET3,Marine_Group_II,2.188888889,0.00138091,0.456852792,0.565062389,34,4,34,23,27.54642324,94.58823529,34,11,0.994338624,18006,0.352941176
ARCH61,SNET3,Marine_Group_II,2.608333333,7.85E-05,0.383386581,0.813186813,14,5,14,4,11.29661014,42.14285714,14,10,0.99234127,392,0.260141093
ARCH130,SNET3,Marine_Group_II,2.616666667,0.00048615,0.382165605,0.657142857,15,5,15,4,13.82383449,36.53333333,15,11,0.992301587,1286,0.232696391
ARCH30,SNET1,Marine_Group_II,2.883333333,0.000460436,0.346820809,0.25,8,5,8,7,3.632025948,15.75,8,1,0.991031746,862,0.231617647
ARCH13,SNET2,Marine_Group_II,2.516666667,0.000993632,0.397350993,0.4,10,4,10,5,5.25362031,35.2,10,5,0.992777778,2526,0.199431818
ARCH26,SNET2,Marine_Group_II,2.438888889,0.001289341,0.410022779,0.362637363,14,5,14,13,7.763006811,31.5,14,1,0.993148148,3430,0.155172414
ARCH6,SNET2,Marine_Group_II,2.227777778,0.001709371,0.448877805,0.589473684,20,4,20,18,7.075951651,115.4,20,2,0.994153439,8772,0.432209738
ARCH11,SNET3,Marine_Group_II,2.283333333,0.003211036,0.437956204,0.452307692,26,4,26,16,14.38570987,46.65384615,26,10,0.993888889,10398,0.191991136
ARCH9,SNET2,Marine_Group_II,2.133333333,0.00483915,0.46875,0.522048364,38,4,38,38,9.497179,102.0789474,38,0,0.994603175,28874,0.363270275
ARCH19,SNET3,Marine_Group_II,2.008333333,0.00446537,0.497925311,0.669224211,69,4,69,66,30.76312893,131.0144928,69,3,0.995198413,61666,0.445627526
ARCH18,SNET3,Marine_Group_II,1.95,0.00500592,0.512820513,0.615495495,75,4,75,68,37.10511371,122.76,75,7,0.99547619,60808,0.399869707
ARCH20,SNET3,Marine_Group_II,2.194444444,0.006325505,0.455696203,0.390804598,30,4,30,25,12.76877368,57.76666667,30,5,0.994312169,19506,0.214745973
ARCH22,SNET3,Marine_Group_III,2.736111111,2.27E-05,0.365482234,0.909090909,12,5,12,8,12.31230203,36.5,12,4,0.991732804,80,0.301652893
ARCH34,SNET3,Marine_Group_II,2.022222222,0.013204457,0.494505495,0.514285714,56,4,56,52,27.92113668,101.3392857,56,4,0.995132275,68758,0.337797619
ARCH10,SNET3,Marine_Group_II,2.175,0.001044771,0.459770115,0.645378151,35,4,35,29,23.9448081,103.2,35,6,0.994404762,17336,0.378021978
BACT138,SNET2,UBA10353_MG,NA,NA,NA,NA,NA,NA,NA,NA,17.74043352,NA,NA,NA,NA,NA,NA