sequence,ARGSYN-PWY,ARGSYNBSUB-PWY,BRANCHED-CHAIN-AA-SYN-PWY,CALVIN-PWY,COA-PWY,DAPLYSINESYN-PWY,DTDPRHAMSYN-PWY,GLUTORN-PWY,HISTSYN-PWY,HSERMETANA-PWY,ILEUSYN-PWY,NONOXIPENT-PWY,OANTIGEN-PWY,P101-PWY,P42-PWY,POLYISOPRENSYN-PWY,PWY-1861,PWY-2942,PWY-3001,PWY-3781,PWY-5097,PWY-5101,PWY-5103,PWY-5104,PWY-5154,PWY-5188,PWY-5189,PWY-5198,PWY-5532,PWY-5659,PWY-5686,PWY-6121,PWY-6122,PWY-6123,PWY-6125,PWY-6126,PWY-6163,PWY-6174,PWY-6277,PWY-6349,PWY-6350,PWY-6478,PWY-6545,PWY-6654,PWY-6703,PWY-6749,PWY-6897,PWY-6969,PWY-7111,PWY-7184,PWY-7187,PWY-7197,PWY-7208,PWY-7210,PWY-7219,PWY-7220,PWY-7221,PWY-7222,PWY-7228,PWY-7229,PWY-7234,PWY-7286,PWY-7323,PWY-7400,PWY0-162,PWY0-166,SER-GLYSYN-PWY,SO4ASSIM-PWY,TCA,THRESYN-PWY,TRNA-CHARGING-PWY,TRPSYN-PWY,UDPNAGSYN-PWY,VALSYN-PWY
ARCH1,0,0,0,1.2,1,0,0,0,0,0,0,1.333333333,0,1.153846154,0,1,0,0,0,2.790697674,0,0,0,0,0,1.2,0,1.090909091,0,2,0,1,1,0,1.105263158,1.076923077,1,0,1,0,0,0,0,1,1,0,0,0,1.411764706,0,0,1,0,0,1.142857143,1,1.2,1,1.125,1.090909091,0,0,0,0,0,0,0,1.333333333,0,1.24137931,0,0,0,1.411764706
ARCH10,1.021276596,1.052631579,1.111111111,1.2,0,1,0,1,1,0,1.142857143,1.333333333,0,0,1.75,1,1.333333333,1,1.111111111,0,1,1.25,1.111111111,1.333333333,1.052631579,1,1,0,1,1,1.2,1.153846154,1.2,1,1.076923077,1.076923077,1,0,1.2,1,1,0,0,1,1,0,1,0,1.142857143,0,0,1,1.142857143,1,1.142857143,1,1.142857143,1,1.090909091,1.090909091,1.090909091,1,0,1.018181818,1.2,0,1,0,0,1.090909091,0,0,1,1.142857143
ARCH11,1.021276596,1.052631579,1.111111111,1.2,0,1,0,1,1,0,1.142857143,1.333333333,0,0,1.75,1,1.333333333,1,1.111111111,0,1,1.25,1.111111111,1.333333333,1.052631579,1,1,0,1,1,1.2,1.153846154,1.2,1,1.076923077,1.076923077,1,0,1.2,1,1,0,0,1,1,0,1,0,1.142857143,0,0,1,1.142857143,1,1.142857143,1,1.142857143,1,1.090909091,1.090909091,1.090909091,1,0,1.018181818,1.2,0,1,0,0,1.090909091,0,0,1,1.142857143
ARCH13,1.021276596,1.052631579,1.111111111,1.2,0,1,0,1,1,0,1.142857143,1.333333333,0,0,1.75,1,1.333333333,1,1.111111111,0,1,1.25,1.111111111,1.333333333,1.052631579,1,1,0,1,1,1.2,1.153846154,1.2,1,1.076923077,1.076923077,1,0,1.2,1,1,0,0,1,1,0,1,0,1.142857143,0,0,1,1.142857143,1,1.142857143,1,1.142857143,1,1.090909091,1.090909091,1.090909091,1,0,1.018181818,1.2,0,1,0,0,1.090909091,0,0,1,1.142857143
ARCH130,1.021276596,1.052631579,1.111111111,1.2,0,1,0,1,1,0,1.142857143,1.333333333,0,0,1.75,1,1.333333333,1,1.111111111,0,1,1.25,1.111111111,1.333333333,1.052631579,1,1,0,1,1,1.2,1.153846154,1.2,1,1.076923077,1.076923077,1,0,1.2,1,1,0,0,1,1,0,1,0,1.142857143,0,0,1,1.142857143,1,1.142857143,1,1.142857143,1,1.090909091,1.090909091,1.090909091,1,0,1.018181818,1.2,0,1,0,0,1.090909091,0,0,1,1.142857143
ARCH14,0,0,1.428571429,1.2,1,0,1,0,0,0,1.333333333,1.333333333,0,0,0,1,0,0,1.25,2.482758621,0,1.538461538,1.25,0,0,1.2,1,1,0,1.142857143,0,1.153846154,1.2,0,1.076923077,1.076923077,1,0,1.2,0,0,0,0,1,1,0,0,0,1.333333333,0,0,1,1.142857143,0,1.142857143,1,1.142857143,1,1.090909091,1.090909091,1.090909091,0,0,0,0,0,1,1,0,1.2,0,0,0,1.333333333
ARCH15,1.021276596,1.052631579,1.111111111,1.2,0,1,0,1,1,0,1.142857143,1.333333333,0,0,1.75,1,1.333333333,1,1.111111111,0,1,1.25,1.111111111,1.333333333,1.052631579,1,1,0,1,1,1.2,1.153846154,1.2,1,1.076923077,1.076923077,1,0,1.2,1,1,0,0,1,1,0,1,0,1.142857143,0,0,1,1.142857143,1,1.142857143,1,1.142857143,1,1.090909091,1.090909091,1.090909091,1,0,1.018181818,1.2,0,1,0,0,1.090909091,0,0,1,1.142857143
ARCH16,1.021276596,1.052631579,1.111111111,1.2,0,1,0,1,1,0,1.142857143,1.333333333,0,0,1.75,1,1.333333333,1,1.111111111,0,1,1.25,1.111111111,1.333333333,1.052631579,1,1,0,1,1,1.2,1.153846154,1.2,1,1.076923077,1.076923077,1,0,1.2,1,1,0,0,1,1,0,1,0,1.142857143,0,0,1,1.142857143,1,1.142857143,1,1.142857143,1,1.090909091,1.090909091,1.090909091,1,0,1.018181818,1.2,0,1,0,0,1.090909091,0,0,1,1.142857143
ARCH18,1.021276596,1.052631579,1.111111111,1.2,0,1,0,1,1,0,1.142857143,1.333333333,0,0,1.75,1,1.333333333,1,1.111111111,0,1,1.25,1.111111111,1.333333333,1.052631579,1,1,0,1,1,1.2,1.153846154,1.2,1,1.076923077,1.076923077,1,0,1.2,1,1,0,0,1,1,0,1,0,1.142857143,0,0,1,1.142857143,1,1.142857143,1,1.142857143,1,1.090909091,1.090909091,1.090909091,1,0,1.018181818,1.2,0,1,0,0,1.090909091,0,0,1,1.142857143
ARCH19,1.021276596,1.052631579,1.111111111,1.2,0,1,0,1,1,0,1.142857143,1.333333333,0,0,1.75,1,1.333333333,1,1.111111111,0,1,1.25,1.111111111,1.333333333,1.052631579,1,1,0,1,1,1.2,1.153846154,1.2,1,1.076923077,1.076923077,1,0,1.2,1,1,0,0,1,1,0,1,0,1.142857143,0,0,1,1.142857143,1,1.142857143,1,1.142857143,1,1.090909091,1.090909091,1.090909091,1,0,1.018181818,1.2,0,1,0,0,1.090909091,0,0,1,1.142857143
ARCH2,1.021276596,1.052631579,1.153846154,1.090909091,1,0,1,1,1,0,1.2,1,0,0,1.272727273,1,0,1,1.071428571,2.482758621,1,1.363636364,1.153846154,0,0,1,1,1.090909091,0,0,1.090909091,1.111111111,1.142857143,0,1.076923077,1.076923077,1,0,1.142857143,0,0,1,0,1,1,0,0,1.176470588,1.411764706,1,1,1,1.142857143,0,1.142857143,1,1.142857143,1,1.090909091,1.090909091,1,0,0,1.018181818,1.125,1,1,0,1.2,1,0,1.111111111,1,1.2
ARCH20,1.021276596,1.052631579,1.111111111,1.2,0,1,0,1,1,0,1.142857143,1.333333333,0,0,1.75,1,1.333333333,1,1.111111111,0,1,1.25,1.111111111,1.333333333,1.052631579,1,1,0,1,1,1.2,1.153846154,1.2,1,1.076923077,1.076923077,1,0,1.2,1,1,0,0,1,1,0,1,0,1.142857143,0,0,1,1.142857143,1,1.142857143,1,1.142857143,1,1.090909091,1.090909091,1.090909091,1,0,1.018181818,1.2,0,1,0,0,1.090909091,0,0,1,1.142857143
ARCH22,0,0,1.111111111,0,1,0,1.142857143,0,1,1,1.142857143,0,1.052631579,0,1.555555556,0,0,1,1.176470588,0,1,1.25,1.111111111,1.333333333,0,1,1,1.090909091,0,1,1.2,1.153846154,1.2,1,1.166666667,1.076923077,1,1.076923077,1.2,1,1,0,0,0,0,0,1,0,1.142857143,0,1,1,1.142857143,0,1.142857143,1,1.333333333,1,1.2,1.090909091,1,1,0,0,1.2,0,1,0,0,1.2,0,1.111111111,1,1.142857143
ARCH24,1.021276596,1.052631579,1.111111111,1.2,0,1,0,1,1,0,1.142857143,1.333333333,0,0,1.75,1,1.333333333,1,1.111111111,0,1,1.25,1.111111111,1.333333333,1.052631579,1,1,0,1,1,1.2,1.153846154,1.2,1,1.076923077,1.076923077,1,0,1.2,1,1,0,0,1,1,0,1,0,1.142857143,0,0,1,1.142857143,1,1.142857143,1,1.142857143,1,1.090909091,1.090909091,1.090909091,1,0,1.018181818,1.2,0,1,0,0,1.090909091,0,0,1,1.142857143
ARCH26,1.021276596,1.052631579,1.111111111,1.2,0,1,0,1,1,0,1.142857143,1.333333333,0,0,1.75,1,1.333333333,1,1.111111111,0,1,1.25,1.111111111,1.333333333,1.052631579,1,1,0,1,1,1.2,1.153846154,1.2,1,1.076923077,1.076923077,1,0,1.2,1,1,0,0,1,1,0,1,0,1.142857143,0,0,1,1.142857143,1,1.142857143,1,1.142857143,1,1.090909091,1.090909091,1.090909091,1,0,1.018181818,1.2,0,1,0,0,1.090909091,0,0,1,1.142857143
ARCH28,0,0,1.176470588,0,1,0,0,0,0,0,1.142857143,0,0,0,1.714285714,1,0,0,1.111111111,0,0,1.25,1.111111111,1.333333333,0,0,0,0,0,1,1.090909091,1.111111111,1.142857143,0,1,1.076923077,1,0,1.142857143,1,1,0,0,0,0,0,0,0,1.142857143,0,0,1,1.142857143,1,1.142857143,1,1,1,1,1.090909091,0,0,0,0,1.125,0,1,0,0,1.090909091,1.05,0,1,1.142857143
ARCH29,0,0,1.5,1.2,1,0,1,0,0,0,1.411764706,1.333333333,0,0,0,1,0,0,1.395348837,2.482758621,0,1.621621622,1.304347826,0,0,1.333333333,1.142857143,1,0,1.333333333,0,1.153846154,1.2,0,1.076923077,1.076923077,1,0,1.2,0,0,0,0,1,1,1,0,0,1.411764706,0,0,1,1.142857143,0,1.142857143,1,1.142857143,1,1.090909091,1.090909091,1.2,0,1.2,0,0,0,1,1,0,1.384615385,0,0,0,1.411764706
ARCH3,1.021276596,1.052631579,1.153846154,1.090909091,1,0,1,1,1,0,1.2,1,0,0,1.272727273,1,0,1,1.071428571,2.482758621,1,1.363636364,1.153846154,0,0,1,1,1.090909091,0,0,1.090909091,1.111111111,1.142857143,0,1.076923077,1.076923077,1,0,1.142857143,0,0,1,0,1,1,0,0,1.176470588,1.411764706,1,1,1,1.142857143,0,1.142857143,1,1.142857143,1,1.090909091,1.090909091,1,0,0,1.018181818,1.125,1,1,0,1.2,1,0,1.111111111,1,1.2
ARCH30,1.021276596,1.052631579,1.111111111,1.2,0,1,0,1,1,0,1.142857143,1.333333333,0,0,1.75,1,1.333333333,1,1.111111111,0,1,1.25,1.111111111,1.333333333,1.052631579,1,1,0,1,1,1.2,1.153846154,1.2,1,1.076923077,1.076923077,1,0,1.2,1,1,0,0,1,1,0,1,0,1.142857143,0,0,1,1.142857143,1,1.142857143,1,1.142857143,1,1.090909091,1.090909091,1.090909091,1,0,1.018181818,1.2,0,1,0,0,1.090909091,0,0,1,1.142857143
ARCH32,0,0,1.428571429,1.2,1,0,1,0,0,0,1.333333333,1.333333333,0,0,0,1,0,0,1.25,2.482758621,0,1.538461538,1.25,0,0,1.2,1,1,0,1.142857143,0,1.153846154,1.2,0,1.076923077,1.076923077,1,0,1.2,0,0,0,0,1,1,0,0,0,1.333333333,0,0,1,1.142857143,0,1.142857143,1,1.142857143,1,1.090909091,1.090909091,1.090909091,0,0,0,0,0,1,1,0,1.2,0,0,0,1.333333333
ARCH34,1.021276596,1.052631579,1.111111111,1.2,0,1,0,1,1,0,1.142857143,1.333333333,0,0,1.75,1,1.333333333,1,1.111111111,0,1,1.25,1.111111111,1.333333333,1.052631579,1,1,0,1,1,1.2,1.153846154,1.2,1,1.076923077,1.076923077,1,0,1.2,1,1,0,0,1,1,0,1,0,1.142857143,0,0,1,1.142857143,1,1.142857143,1,1.142857143,1,1.090909091,1.090909091,1.090909091,1,0,1.018181818,1.2,0,1,0,0,1.090909091,0,0,1,1.142857143
ARCH35,0,0,1.428571429,1.2,1,0,1,0,0,0,1.333333333,1.333333333,0,0,0,1,0,0,1.25,2.482758621,0,1.538461538,1.25,0,0,1.2,1,1,0,1.142857143,0,1.153846154,1.2,0,1.076923077,1.076923077,1,0,1.2,0,0,0,0,1,1,0,0,0,1.333333333,0,0,1,1.142857143,0,1.142857143,1,1.142857143,1,1.090909091,1.090909091,1.090909091,0,0,0,0,0,1,1,0,1.2,0,0,0,1.333333333
ARCH36,1.021276596,1.052631579,1.111111111,1.2,0,1,0,1,1,0,1.142857143,1.333333333,0,0,1.75,1,1.333333333,1,1.111111111,0,1,1.25,1.111111111,1.333333333,1.052631579,1,1,0,1,1,1.2,1.153846154,1.2,1,1.076923077,1.076923077,1,0,1.2,1,1,0,0,1,1,0,1,0,1.142857143,0,0,1,1.142857143,1,1.142857143,1,1.142857143,1,1.090909091,1.090909091,1.090909091,1,0,1.018181818,1.2,0,1,0,0,1.090909091,0,0,1,1.142857143
ARCH37,0,0,1.111111111,0,1,0,1.142857143,0,1,1,1.142857143,0,1.052631579,0,1.555555556,0,0,1,1.176470588,0,1,1.25,1.111111111,1.333333333,0,1,1,1.090909091,0,1,1.2,1.153846154,1.2,1,1.166666667,1.076923077,1,1.076923077,1.2,1,1,0,0,0,0,0,1,0,1.142857143,0,1,1,1.142857143,0,1.142857143,1,1.333333333,1,1.2,1.090909091,1,1,0,0,1.2,0,1,0,0,1.2,0,1.111111111,1,1.142857143
ARCH4,0,0,1.428571429,1.2,1,0,1,0,0,0,1.333333333,1.333333333,0,0,0,1,0,0,1.333333333,2.482758621,0,1.538461538,1.25,0,0,1.2,1,1,0,1.333333333,0,1.153846154,1.2,0,1.076923077,1.076923077,1,0,1.2,0,0,0,0,1,1,0,0,0,1.333333333,0,0,1,1.142857143,0,1.142857143,1,1.142857143,1,1.090909091,1.090909091,1.090909091,0,0,0,0,0,1,1,0,1.333333333,0,0,0,1.333333333
ARCH40,0,0,1.176470588,0,1,0,0,0,0,0,1.142857143,0,0,0,1.714285714,1,0,0,1.111111111,0,0,1.25,1.111111111,1.333333333,0,0,0,0,0,1,1.090909091,1.111111111,1.142857143,0,1,1.076923077,1,0,1.142857143,1,1,0,0,0,0,0,0,0,1.142857143,0,0,1,1.142857143,1,1.142857143,1,1,1,1,1.090909091,0,0,0,0,1.125,0,1,0,0,1.090909091,1.05,0,1,1.142857143
ARCH42,1.021276596,1.052631579,1.111111111,1.2,0,1,0,1,1,0,1.142857143,1.333333333,0,0,1.75,1,1.333333333,1,1.111111111,0,1,1.25,1.111111111,1.333333333,1.052631579,1,1,0,1,1,1.2,1.153846154,1.2,1,1.076923077,1.076923077,1,0,1.2,1,1,0,0,1,1,0,1,0,1.142857143,0,0,1,1.142857143,1,1.142857143,1,1.142857143,1,1.090909091,1.090909091,1.090909091,1,0,1.018181818,1.2,0,1,0,0,1.090909091,0,0,1,1.142857143
ARCH50,0,0,1.428571429,1.2,0,0,1,0,0,0,1.333333333,1.333333333,0,0,0,1,0,0,1.25,2.482758621,0,1.428571429,1.25,0,0,1.2,1,1,0,1.142857143,0,1.153846154,1.2,0,1.076923077,1.076923077,1,0,1.2,0,0,0,0,0,1,1,0,0,1.333333333,0,0,1,1,0,1.142857143,1,1.142857143,1,1.090909091,1.090909091,1.090909091,0,0,0,0,0,1,0,0,1.2,0,0,0,1.333333333
ARCH51,0,0,0,1.2,1,0,0,0,0,0,0,1.333333333,0,1.153846154,0,1,0,0,0,2.790697674,0,0,0,0,0,1.2,0,1.090909091,0,2,0,1,1,0,1.105263158,1.076923077,1,0,1,0,0,0,0,1,1,0,0,0,1.411764706,0,0,1,0,0,1.142857143,1,1.2,1,1.125,1.090909091,0,0,0,0,0,0,0,1.333333333,0,1.24137931,0,0,0,1.411764706
ARCH52,1.021276596,1.052631579,1.111111111,1.2,0,1,0,1,1,0,1.142857143,1.333333333,0,0,1.75,1,1.333333333,1,1.111111111,0,1,1.25,1.111111111,1.333333333,1.052631579,1,1,0,1,1,1.2,1.153846154,1.2,1,1.076923077,1.076923077,1,0,1.2,1,1,0,0,1,1,0,1,0,1.142857143,0,0,1,1.142857143,1,1.142857143,1,1.142857143,1,1.090909091,1.090909091,1.090909091,1,0,1.018181818,1.2,0,1,0,0,1.090909091,0,0,1,1.142857143
ARCH57,0,0,1.428571429,1.2,1,0,1,0,0,0,1.333333333,1.333333333,0,0,0,1,0,0,1.25,2.482758621,0,1.538461538,1.25,0,0,1.2,1,1,0,1.142857143,0,1.153846154,1.2,0,1.076923077,1.076923077,1,0,1.2,0,0,0,0,1,1,0,0,0,1.333333333,0,0,1,1.142857143,0,1.142857143,1,1.142857143,1,1.090909091,1.090909091,1.090909091,0,0,0,0,0,1,1,0,1.2,0,0,0,1.333333333
ARCH6,1.021276596,1.052631579,1.111111111,1.2,0,1,0,1,1,0,1.142857143,1.333333333,0,0,1.75,1,1.333333333,1,1.111111111,0,1,1.25,1.111111111,1.333333333,1.052631579,1,1,0,1,1,1.2,1.153846154,1.2,1,1.076923077,1.076923077,1,0,1.2,1,1,0,0,1,1,0,1,0,1.142857143,0,0,1,1.142857143,1,1.142857143,1,1.142857143,1,1.090909091,1.090909091,1.090909091,1,0,1.018181818,1.2,0,1,0,0,1.090909091,0,0,1,1.142857143
ARCH61,1.021276596,1.052631579,1.111111111,1.2,0,1,0,1,1,0,1.142857143,1.333333333,0,0,1.75,1,1.333333333,1,1.111111111,0,1,1.25,1.111111111,1.333333333,1.052631579,1,1,0,1,1,1.2,1.153846154,1.2,1,1.076923077,1.076923077,1,0,1.2,1,1,0,0,1,1,0,1,0,1.142857143,0,0,1,1.142857143,1,1.142857143,1,1.142857143,1,1.090909091,1.090909091,1.090909091,1,0,1.018181818,1.2,0,1,0,0,1.090909091,0,0,1,1.142857143
ARCH63,0,0,1.176470588,0,1,0,0,0,0,0,1.142857143,0,0,0,1.527272727,0,0,0,1.111111111,0,0,1.25,1.111111111,1.333333333,0,0,0,0,0,1,1.090909091,1.111111111,1.142857143,0,1,1.076923077,1,0,1.142857143,1,1,0,0,0,0,0,0,0,1.142857143,0,0,1,1.142857143,1,1.142857143,1,1,1,1,1.090909091,0,0,0,0,1.125,0,1,0,0,1.090909091,1.05,0,1,1.142857143
ARCH65,0,0,1.111111111,1.090909091,1,0,0,0,1,0,1.142857143,0,0,0,1.689655172,0,0,0,1.111111111,0,0,1.25,1.111111111,1.37254902,0,1,1,0,0,1,1.090909091,1.153846154,1.2,0,1,1.076923077,1,0,1.2,1,1,0,1,1,0,0,0,0,1.142857143,0,0,1,1.142857143,1,1.142857143,1,1,1,1,1.090909091,0,0,0,0,1.125,0,1,0,0,1.090909091,1.024390244,1.111111111,1,1.142857143
ARCH7,1.021276596,1.052631579,1.111111111,1.2,0,1,0,1,1,0,1.142857143,1.333333333,0,0,1.75,1,1.333333333,1,1.111111111,0,1,1.25,1.111111111,1.333333333,1.052631579,1,1,0,1,1,1.2,1.153846154,1.2,1,1.076923077,1.076923077,1,0,1.2,1,1,0,0,1,1,0,1,0,1.142857143,0,0,1,1.142857143,1,1.142857143,1,1.142857143,1,1.090909091,1.090909091,1.090909091,1,0,1.018181818,1.2,0,1,0,0,1.090909091,0,0,1,1.142857143
ARCH8,1.021276596,1.052631579,1.111111111,1.2,0,1,0,1,1,0,1.142857143,1.333333333,0,0,1.75,1,1.333333333,1,1.111111111,0,1,1.25,1.111111111,1.333333333,1.052631579,1,1,0,1,1,1.2,1.153846154,1.2,1,1.076923077,1.076923077,1,0,1.2,1,1,0,0,1,1,0,1,0,1.142857143,0,0,1,1.142857143,1,1.142857143,1,1.142857143,1,1.090909091,1.090909091,1.090909091,1,0,1.018181818,1.2,0,1,0,0,1.090909091,0,0,1,1.142857143
ARCH9,1.021276596,1.052631579,1.111111111,1.2,0,1,0,1,1,0,1.142857143,1.333333333,0,0,1.75,1,1.333333333,1,1.111111111,0,1,1.25,1.111111111,1.333333333,1.052631579,1,1,0,1,1,1.2,1.153846154,1.2,1,1.076923077,1.076923077,1,0,1.2,1,1,0,0,1,1,0,1,0,1.142857143,0,0,1,1.142857143,1,1.142857143,1,1.142857143,1,1.090909091,1.090909091,1.090909091,1,0,1.018181818,1.2,0,1,0,0,1.090909091,0,0,1,1.142857143
